ISO-10303-21;
HEADER;
FILE_DESCRIPTION((''),'2;1');
FILE_NAME('encoder', '2026-04-10T23:12:40', (''), (''), 'ImageToStl.com STEP Converter','', '');
FILE_SCHEMA(('AUTOMOTIVE_DESIGN_CC2'));
ENDSEC;
DATA;
#1=PRODUCT_DEFINITION_CONTEXT('',#4,'design');
#2=APPLICATION_PROTOCOL_DEFINITION('INTERNATIONAL STANDARD','automotive_design',1994,#4);
#3=(GEOMETRIC_REPRESENTATION_CONTEXT(3)GLOBAL_UNCERTAINTY_ASSIGNED_CONTEXT((#5))GLOBAL_UNIT_ASSIGNED_CONTEXT((#6,#7,#8))REPRESENTATION_CONTEXT('NONE','WORKSPACE'));
#4=APPLICATION_CONTEXT(' ');
#5=UNCERTAINTY_MEASURE_WITH_UNIT(LENGTH_MEASURE(1.0E-006),#6,'','');
#6=(CONVERSION_BASED_UNIT('METRE',#10)LENGTH_UNIT()NAMED_UNIT(#11));
#7=(NAMED_UNIT(#12)PLANE_ANGLE_UNIT()SI_UNIT($,.RADIAN.));
#8=(NAMED_UNIT(#12)SOLID_ANGLE_UNIT()SI_UNIT($,.STERADIAN.));
#9=AXIS2_PLACEMENT_3D('',#14,#15,#16);
#10=LENGTH_MEASURE_WITH_UNIT(LENGTH_MEASURE(1.0),#17);
#11=DIMENSIONAL_EXPONENTS(1.0,0.0,0.0,0.0,0.0,0.0,0.0);
#12=DIMENSIONAL_EXPONENTS(0.0,0.0,0.0,0.0,0.0,0.0,0.0);
#13=PRODUCT_CONTEXT('',#4,'mechanical');
#14=CARTESIAN_POINT('',(0.0,0.0,0.0));
#15=DIRECTION('',(0.0,0.0,1.0));
#16=DIRECTION('',(1.0,0.0,0.0));
#17=(NAMED_UNIT(#11)LENGTH_UNIT()SI_UNIT(.MILLI.,.METRE.));
#18=PRESENTATION_STYLE_ASSIGNMENT((#19));
#19=SURFACE_STYLE_USAGE(.BOTH.,#20);
#20=SURFACE_SIDE_STYLE('',(#21));
#21=SURFACE_STYLE_FILL_AREA(#22);
#22=FILL_AREA_STYLE('',(#23));
#23=FILL_AREA_STYLE_COLOUR('',#24);
#24=COLOUR_RGB('',0.85,0.85,0.85);
#25=SHAPE_DEFINITION_REPRESENTATION(#26,#27);
#26=PRODUCT_DEFINITION_SHAPE('productshape0','',#30);
#27=MANIFOLD_SURFACE_SHAPE_REPRESENTATION('',(#28,#9),#3);
#28=SHELL_BASED_SURFACE_MODEL('shell0',(#33));
#29=PRODUCT('product0','','',(#13));
#30=PRODUCT_DEFINITION('mesh0','',#31,#2);
#31=PRODUCT_DEFINITION_FORMATION_WITH_SPECIFIED_SOURCE('prodsource0','',#29,.NOT_KNOWN.);
#32=STYLED_ITEM('',(#18),#33);
#33=CLOSED_SHELL('',(#306,#328,#350,#372,#394,#416,#438,#460,#482,#504,#526,#548,#570,#592,#614,#636,#658,#680,#702,#724,#746,#768,#790,#812,#834,#856,#878,#900,#922,#944,#966,#988,#1010,#1032,#1054,#1076,#1098,#1120,#1142,#1164,#1186,#1208,#1230,#1252,#1274,#1296,#1318,#1340,#1362,#1384,#1406,#1428,#1450,#1472,#1494,#1516,#1538,#1560,#1582,#1604,#1626,#1648,#1670,#1692,#1714,#1736,#1758,#1780,#1802,#1824,#1846,#1868,#1890,#1912,#1934,#1956,#1978,#2000,#2022,#2044,#2066,#2088,#2110,#2132,#2154,#2176,#2198,#2220,#2242,#2264,#2286,#2308,#2330,#2352,#2374,#2396,#2418,#2440,#2462,#2484,#2506,#2528,#2550,#2572,#2594,#2616,#2638,#2660,#2682,#2704,#2726,#2748,#2770,#2792,#2814,#2836,#2858,#2880,#2902,#2924,#2946,#2968,#2990,#3012,#3034,#3056,#3078,#3100,#3122,#3144,#3166,#3188,#3210,#3232,#3254,#3276,#3298,#3320,#3342,#3364,#3386,#3408,#3430,#3452,#3474,#3496,#3518,#3540,#3562,#3584,#3606,#3628,#3650,#3672,#3694,#3716,#3738,#3760,#3782,#3804,#3826,#3848,#3870,#3892,#3914,#3936,#3958,#3980,#4002,#4024,#4046,#4068,#4090,#4112,#4134,#4156,#4178,#4200,#4222,#4244,#4266,#4288,#4310,#4332,#4354,#4376,#4398,#4420,#4442,#4464,#4486,#4508,#4530,#4552,#4574,#4596,#4618,#4640,#4662,#4684,#4706,#4728,#4750,#4772,#4794,#4816,#4838,#4860,#4882,#4904,#4926,#4948,#4970,#4992,#5014,#5036,#5058,#5080,#5102,#5124,#5146,#5168,#5190,#5212,#5234,#5256,#5278,#5300,#5322,#5344,#5366,#5388,#5410,#5432,#5454,#5476,#5498,#5520,#5542,#5564,#5586,#5608,#5630,#5652,#5674,#5696,#5718,#5740,#5762,#5784,#5806,#5828,#5850,#5872,#5894,#5916,#5938,#5960,#5982,#6004));
#34=CARTESIAN_POINT('',(6,2.5999999046325684,16.899999618530273));
#35=VERTEX_POINT('',#34);
#36=CARTESIAN_POINT('',(-6,2.5999999046325684,16.899999618530273));
#37=VERTEX_POINT('',#36);
#38=CARTESIAN_POINT('',(-6,-2.5999999046325684,16.899999618530273));
#39=VERTEX_POINT('',#38);
#40=CARTESIAN_POINT('',(6,-2.5999999046325684,16.899999618530273));
#41=VERTEX_POINT('',#40);
#42=CARTESIAN_POINT('',(6,-2.5999999046325684,0));
#43=VERTEX_POINT('',#42);
#44=CARTESIAN_POINT('',(-6,-2.5999999046325684,0));
#45=VERTEX_POINT('',#44);
#46=CARTESIAN_POINT('',(-6,2.5999999046325684,0));
#47=VERTEX_POINT('',#46);
#48=CARTESIAN_POINT('',(6,2.5999999046325684,0));
#49=VERTEX_POINT('',#48);
#50=CARTESIAN_POINT('',(0,17.600000381469727,27));
#51=VERTEX_POINT('',#50);
#52=CARTESIAN_POINT('',(0,7.599999904632568,27));
#53=VERTEX_POINT('',#52);
#54=CARTESIAN_POINT('',(2.731264591217041,7.599999904632568,26.730993270874023));
#55=VERTEX_POINT('',#54);
#56=CARTESIAN_POINT('',(2.731264591217041,17.600000381469727,26.730993270874023));
#57=VERTEX_POINT('',#56);
#58=CARTESIAN_POINT('',(5.357568264007568,7.599999904632568,25.93431282043457));
#59=VERTEX_POINT('',#58);
#60=CARTESIAN_POINT('',(5.357568264007568,17.600000381469727,25.93431282043457));
#61=VERTEX_POINT('',#60);
#62=CARTESIAN_POINT('',(7.777983665466309,7.599999904632568,24.640575408935547));
#63=VERTEX_POINT('',#62);
#64=CARTESIAN_POINT('',(7.777983665466309,17.600000381469727,24.640575408935547));
#65=VERTEX_POINT('',#64);
#66=CARTESIAN_POINT('',(9.899495124816895,7.599999904632568,22.899494171142578));
#67=VERTEX_POINT('',#66);
#68=CARTESIAN_POINT('',(9.899495124816895,17.600000381469727,22.899494171142578));
#69=VERTEX_POINT('',#68);
#70=CARTESIAN_POINT('',(11.64057445526123,7.599999904632568,20.777984619140625));
#71=VERTEX_POINT('',#70);
#72=CARTESIAN_POINT('',(11.64057445526123,17.600000381469727,20.777984619140625));
#73=VERTEX_POINT('',#72);
#74=CARTESIAN_POINT('',(12.93431282043457,7.600000381469727,18.357568740844727));
#75=VERTEX_POINT('',#74);
#76=CARTESIAN_POINT('',(12.93431282043457,17.600000381469727,18.357568740844727));
#77=VERTEX_POINT('',#76);
#78=CARTESIAN_POINT('',(13.730993270874023,7.600000381469727,15.731264114379883));
#79=VERTEX_POINT('',#78);
#80=CARTESIAN_POINT('',(13.730993270874023,17.600000381469727,15.7312650680542));
#81=VERTEX_POINT('',#80);
#82=CARTESIAN_POINT('',(14,7.600000381469727,13));
#83=VERTEX_POINT('',#82);
#84=CARTESIAN_POINT('',(14,17.600000381469727,13));
#85=VERTEX_POINT('',#84);
#86=CARTESIAN_POINT('',(13.730993270874023,7.600000381469727,10.2687349319458));
#87=VERTEX_POINT('',#86);
#88=CARTESIAN_POINT('',(13.730993270874023,17.600000381469727,10.268735885620117));
#89=VERTEX_POINT('',#88);
#90=CARTESIAN_POINT('',(12.93431282043457,7.600000381469727,7.642431735992432));
#91=VERTEX_POINT('',#90);
#92=CARTESIAN_POINT('',(12.93431282043457,17.600000381469727,7.642431735992432));
#93=VERTEX_POINT('',#92);
#94=CARTESIAN_POINT('',(11.64057445526123,7.600000858306885,5.222016334533691));
#95=VERTEX_POINT('',#94);
#96=CARTESIAN_POINT('',(11.64057445526123,17.600000381469727,5.222016334533691));
#97=VERTEX_POINT('',#96);
#98=CARTESIAN_POINT('',(9.899495124816895,7.600000858306885,3.1005048751831055));
#99=VERTEX_POINT('',#98);
#100=CARTESIAN_POINT('',(9.899495124816895,17.600000381469727,3.1005048751831055));
#101=VERTEX_POINT('',#100);
#102=CARTESIAN_POINT('',(7.777983665466309,7.600000858306885,1.3594255447387695));
#103=VERTEX_POINT('',#102);
#104=CARTESIAN_POINT('',(7.777983665466309,17.600000381469727,1.3594255447387695));
#105=VERTEX_POINT('',#104);
#106=CARTESIAN_POINT('',(5.357568264007568,7.600000858306885,0.06568717956542969));
#107=VERTEX_POINT('',#106);
#108=CARTESIAN_POINT('',(5.357568264007568,17.600000381469727,0.06568717956542969));
#109=VERTEX_POINT('',#108);
#110=CARTESIAN_POINT('',(2.731264591217041,7.600000858306885,-0.7309932708740234));
#111=VERTEX_POINT('',#110);
#112=CARTESIAN_POINT('',(2.731264591217041,17.600000381469727,-0.7309932708740234));
#113=VERTEX_POINT('',#112);
#114=CARTESIAN_POINT('',(0,7.600000858306885,-1));
#115=VERTEX_POINT('',#114);
#116=CARTESIAN_POINT('',(0,17.600000381469727,-1));
#117=VERTEX_POINT('',#116);
#118=CARTESIAN_POINT('',(-2.731264591217041,7.600000858306885,-0.7309932708740234));
#119=VERTEX_POINT('',#118);
#120=CARTESIAN_POINT('',(-2.731264591217041,17.600000381469727,-0.7309932708740234));
#121=VERTEX_POINT('',#120);
#122=CARTESIAN_POINT('',(-5.357568264007568,7.600000858306885,0.06568717956542969));
#123=VERTEX_POINT('',#122);
#124=CARTESIAN_POINT('',(-5.357568264007568,17.600000381469727,0.06568717956542969));
#125=VERTEX_POINT('',#124);
#126=CARTESIAN_POINT('',(-7.777983665466309,7.600000858306885,1.3594255447387695));
#127=VERTEX_POINT('',#126);
#128=CARTESIAN_POINT('',(-7.777983665466309,17.600000381469727,1.3594255447387695));
#129=VERTEX_POINT('',#128);
#130=CARTESIAN_POINT('',(-9.899495124816895,7.600000858306885,3.1005048751831055));
#131=VERTEX_POINT('',#130);
#132=CARTESIAN_POINT('',(-9.899495124816895,17.600000381469727,3.1005048751831055));
#133=VERTEX_POINT('',#132);
#134=CARTESIAN_POINT('',(-11.64057445526123,7.600000858306885,5.222016334533691));
#135=VERTEX_POINT('',#134);
#136=CARTESIAN_POINT('',(-11.64057445526123,17.600000381469727,5.222016334533691));
#137=VERTEX_POINT('',#136);
#138=CARTESIAN_POINT('',(-12.93431282043457,7.600000381469727,7.642431735992432));
#139=VERTEX_POINT('',#138);
#140=CARTESIAN_POINT('',(-12.93431282043457,17.600000381469727,7.642431735992432));
#141=VERTEX_POINT('',#140);
#142=CARTESIAN_POINT('',(-13.730993270874023,7.600000381469727,10.2687349319458));
#143=VERTEX_POINT('',#142);
#144=CARTESIAN_POINT('',(-13.730993270874023,17.600000381469727,10.268735885620117));
#145=VERTEX_POINT('',#144);
#146=CARTESIAN_POINT('',(-14,7.600000381469727,13));
#147=VERTEX_POINT('',#146);
#148=CARTESIAN_POINT('',(-14,17.600000381469727,13));
#149=VERTEX_POINT('',#148);
#150=CARTESIAN_POINT('',(-13.730993270874023,7.600000381469727,15.731264114379883));
#151=VERTEX_POINT('',#150);
#152=CARTESIAN_POINT('',(-13.730993270874023,17.600000381469727,15.7312650680542));
#153=VERTEX_POINT('',#152);
#154=CARTESIAN_POINT('',(-12.93431282043457,7.600000381469727,18.357568740844727));
#155=VERTEX_POINT('',#154);
#156=CARTESIAN_POINT('',(-12.93431282043457,17.600000381469727,18.357568740844727));
#157=VERTEX_POINT('',#156);
#158=CARTESIAN_POINT('',(-11.64057445526123,7.599999904632568,20.777984619140625));
#159=VERTEX_POINT('',#158);
#160=CARTESIAN_POINT('',(-11.64057445526123,17.600000381469727,20.777984619140625));
#161=VERTEX_POINT('',#160);
#162=CARTESIAN_POINT('',(-9.899495124816895,7.599999904632568,22.899494171142578));
#163=VERTEX_POINT('',#162);
#164=CARTESIAN_POINT('',(-9.899495124816895,17.600000381469727,22.899494171142578));
#165=VERTEX_POINT('',#164);
#166=CARTESIAN_POINT('',(-7.777983665466309,7.599999904632568,24.640575408935547));
#167=VERTEX_POINT('',#166);
#168=CARTESIAN_POINT('',(-7.777983665466309,17.600000381469727,24.640575408935547));
#169=VERTEX_POINT('',#168);
#170=CARTESIAN_POINT('',(-5.357568264007568,7.599999904632568,25.93431282043457));
#171=VERTEX_POINT('',#170);
#172=CARTESIAN_POINT('',(-5.357568264007568,17.600000381469727,25.93431282043457));
#173=VERTEX_POINT('',#172);
#174=CARTESIAN_POINT('',(-2.731264591217041,7.599999904632568,26.730993270874023));
#175=VERTEX_POINT('',#174);
#176=CARTESIAN_POINT('',(-2.731264591217041,17.600000381469727,26.730993270874023));
#177=VERTEX_POINT('',#176);
#178=CARTESIAN_POINT('',(0,7.599999904632568,14));
#179=VERTEX_POINT('',#178);
#180=CARTESIAN_POINT('',(0,2.5999999046325684,14));
#181=VERTEX_POINT('',#180);
#182=CARTESIAN_POINT('',(0.19509032368659973,2.5999999046325684,13.980785369873047));
#183=VERTEX_POINT('',#182);
#184=CARTESIAN_POINT('',(0.19509032368659973,7.599999904632568,13.980785369873047));
#185=VERTEX_POINT('',#184);
#186=CARTESIAN_POINT('',(0.3826834559440613,2.5999999046325684,13.923879623413086));
#187=VERTEX_POINT('',#186);
#188=CARTESIAN_POINT('',(0.3826834559440613,7.599999904632568,13.923879623413086));
#189=VERTEX_POINT('',#188);
#190=CARTESIAN_POINT('',(0.5555702447891235,2.5999999046325684,13.831469535827637));
#191=VERTEX_POINT('',#190);
#192=CARTESIAN_POINT('',(0.5555702447891235,7.599999904632568,13.831469535827637));
#193=VERTEX_POINT('',#192);
#194=CARTESIAN_POINT('',(0.7071067690849304,2.5999999046325684,13.707106590270996));
#195=VERTEX_POINT('',#194);
#196=CARTESIAN_POINT('',(0.7071067690849304,7.599999904632568,13.707106590270996));
#197=VERTEX_POINT('',#196);
#198=CARTESIAN_POINT('',(0.8314695954322815,2.5999999046325684,13.555570602416992));
#199=VERTEX_POINT('',#198);
#200=CARTESIAN_POINT('',(0.8314695954322815,7.599999904632568,13.555570602416992));
#201=VERTEX_POINT('',#200);
#202=CARTESIAN_POINT('',(0.9238795042037964,2.5999999046325684,13.382683753967285));
#203=VERTEX_POINT('',#202);
#204=CARTESIAN_POINT('',(0.9238795042037964,7.599999904632568,13.382683753967285));
#205=VERTEX_POINT('',#204);
#206=CARTESIAN_POINT('',(0.9807852506637573,2.5999999046325684,13.195090293884277));
#207=VERTEX_POINT('',#206);
#208=CARTESIAN_POINT('',(0.9807852506637573,7.599999904632568,13.195090293884277));
#209=VERTEX_POINT('',#208);
#210=CARTESIAN_POINT('',(1,2.5999999046325684,13));
#211=VERTEX_POINT('',#210);
#212=CARTESIAN_POINT('',(1,7.599999904632568,13));
#213=VERTEX_POINT('',#212);
#214=CARTESIAN_POINT('',(0.9807852506637573,2.5999999046325684,12.804909706115723));
#215=VERTEX_POINT('',#214);
#216=CARTESIAN_POINT('',(0.9807852506637573,7.599999904632568,12.804909706115723));
#217=VERTEX_POINT('',#216);
#218=CARTESIAN_POINT('',(0.9238795042037964,2.5999999046325684,12.617316246032715));
#219=VERTEX_POINT('',#218);
#220=CARTESIAN_POINT('',(0.9238795042037964,7.599999904632568,12.617316246032715));
#221=VERTEX_POINT('',#220);
#222=CARTESIAN_POINT('',(0.8314695954322815,2.5999999046325684,12.444429397583008));
#223=VERTEX_POINT('',#222);
#224=CARTESIAN_POINT('',(0.8314695954322815,7.599999904632568,12.444429397583008));
#225=VERTEX_POINT('',#224);
#226=CARTESIAN_POINT('',(0.7071067690849304,2.5999999046325684,12.292893409729004));
#227=VERTEX_POINT('',#226);
#228=CARTESIAN_POINT('',(0.7071067690849304,7.599999904632568,12.292893409729004));
#229=VERTEX_POINT('',#228);
#230=CARTESIAN_POINT('',(0.5555702447891235,2.5999999046325684,12.168530464172363));
#231=VERTEX_POINT('',#230);
#232=CARTESIAN_POINT('',(0.5555702447891235,7.599999904632568,12.168530464172363));
#233=VERTEX_POINT('',#232);
#234=CARTESIAN_POINT('',(0.3826834559440613,2.5999999046325684,12.076120376586914));
#235=VERTEX_POINT('',#234);
#236=CARTESIAN_POINT('',(0.3826834559440613,7.599999904632568,12.076120376586914));
#237=VERTEX_POINT('',#236);
#238=CARTESIAN_POINT('',(0.19509032368659973,2.5999999046325684,12.019214630126953));
#239=VERTEX_POINT('',#238);
#240=CARTESIAN_POINT('',(0.19509032368659973,7.599999904632568,12.019214630126953));
#241=VERTEX_POINT('',#240);
#242=CARTESIAN_POINT('',(0,2.5999999046325684,12));
#243=VERTEX_POINT('',#242);
#244=CARTESIAN_POINT('',(0,7.599999904632568,12));
#245=VERTEX_POINT('',#244);
#246=CARTESIAN_POINT('',(-0.19509032368659973,2.5999999046325684,12.019214630126953));
#247=VERTEX_POINT('',#246);
#248=CARTESIAN_POINT('',(-0.19509032368659973,7.599999904632568,12.019214630126953));
#249=VERTEX_POINT('',#248);
#250=CARTESIAN_POINT('',(-0.3826834559440613,2.5999999046325684,12.076120376586914));
#251=VERTEX_POINT('',#250);
#252=CARTESIAN_POINT('',(-0.3826834559440613,7.599999904632568,12.076120376586914));
#253=VERTEX_POINT('',#252);
#254=CARTESIAN_POINT('',(-0.5555702447891235,2.5999999046325684,12.168530464172363));
#255=VERTEX_POINT('',#254);
#256=CARTESIAN_POINT('',(-0.5555702447891235,7.599999904632568,12.168530464172363));
#257=VERTEX_POINT('',#256);
#258=CARTESIAN_POINT('',(-0.7071067690849304,2.5999999046325684,12.292893409729004));
#259=VERTEX_POINT('',#258);
#260=CARTESIAN_POINT('',(-0.7071067690849304,7.599999904632568,12.292893409729004));
#261=VERTEX_POINT('',#260);
#262=CARTESIAN_POINT('',(-0.8314695954322815,2.5999999046325684,12.444429397583008));
#263=VERTEX_POINT('',#262);
#264=CARTESIAN_POINT('',(-0.8314695954322815,7.599999904632568,12.444429397583008));
#265=VERTEX_POINT('',#264);
#266=CARTESIAN_POINT('',(-0.9238795042037964,2.5999999046325684,12.617316246032715));
#267=VERTEX_POINT('',#266);
#268=CARTESIAN_POINT('',(-0.9238795042037964,7.599999904632568,12.617316246032715));
#269=VERTEX_POINT('',#268);
#270=CARTESIAN_POINT('',(-0.9807852506637573,2.5999999046325684,12.804909706115723));
#271=VERTEX_POINT('',#270);
#272=CARTESIAN_POINT('',(-0.9807852506637573,7.599999904632568,12.804909706115723));
#273=VERTEX_POINT('',#272);
#274=CARTESIAN_POINT('',(-1,2.5999999046325684,13));
#275=VERTEX_POINT('',#274);
#276=CARTESIAN_POINT('',(-1,7.599999904632568,13));
#277=VERTEX_POINT('',#276);
#278=CARTESIAN_POINT('',(-0.9807852506637573,2.5999999046325684,13.195090293884277));
#279=VERTEX_POINT('',#278);
#280=CARTESIAN_POINT('',(-0.9807852506637573,7.599999904632568,13.195090293884277));
#281=VERTEX_POINT('',#280);
#282=CARTESIAN_POINT('',(-0.9238795042037964,2.5999999046325684,13.382683753967285));
#283=VERTEX_POINT('',#282);
#284=CARTESIAN_POINT('',(-0.9238795042037964,7.599999904632568,13.382683753967285));
#285=VERTEX_POINT('',#284);
#286=CARTESIAN_POINT('',(-0.8314695954322815,2.5999999046325684,13.555570602416992));
#287=VERTEX_POINT('',#286);
#288=CARTESIAN_POINT('',(-0.8314695954322815,7.599999904632568,13.555570602416992));
#289=VERTEX_POINT('',#288);
#290=CARTESIAN_POINT('',(-0.7071067690849304,2.5999999046325684,13.707106590270996));
#291=VERTEX_POINT('',#290);
#292=CARTESIAN_POINT('',(-0.7071067690849304,7.599999904632568,13.707106590270996));
#293=VERTEX_POINT('',#292);
#294=CARTESIAN_POINT('',(-0.5555702447891235,2.5999999046325684,13.831469535827637));
#295=VERTEX_POINT('',#294);
#296=CARTESIAN_POINT('',(-0.5555702447891235,7.599999904632568,13.831469535827637));
#297=VERTEX_POINT('',#296);
#298=CARTESIAN_POINT('',(-0.3826834559440613,2.5999999046325684,13.923879623413086));
#299=VERTEX_POINT('',#298);
#300=CARTESIAN_POINT('',(-0.3826834559440613,7.599999904632568,13.923879623413086));
#301=VERTEX_POINT('',#300);
#302=CARTESIAN_POINT('',(-0.19509032368659973,2.5999999046325684,13.980785369873047));
#303=VERTEX_POINT('',#302);
#304=CARTESIAN_POINT('',(-0.19509032368659973,7.599999904632568,13.980785369873047));
#305=VERTEX_POINT('',#304);
#306=FACE_SURFACE('',(#311),#307,.T.);
#307=PLANE('',#308);
#308=AXIS2_PLACEMENT_3D('',#34,#309,#310);
#309=DIRECTION('',(0,0,1));
#310=DIRECTION('',(-1,0,0));
#311=FACE_BOUND('',#312,.T.);
#312=EDGE_LOOP('',(#313,#314,#315));
#313=ORIENTED_EDGE('',*,*,#316,.T.);
#314=ORIENTED_EDGE('',*,*,#317,.T.);
#315=ORIENTED_EDGE('',*,*,#318,.T.);
#316=EDGE_CURVE('',#35,#37,#319,.F.);
#317=EDGE_CURVE('',#37,#39,#320,.T.);
#318=EDGE_CURVE('',#39,#35,#321,.T.);
#319=LINE('',#34,#322);
#320=LINE('',#36,#323);
#321=LINE('',#38,#324);
#322=VECTOR('',#325,1.0);
#323=VECTOR('',#326,1.0);
#324=VECTOR('',#327,1.0);
#325=DIRECTION('',(-1,0,0));
#326=DIRECTION('',(0,-1,0));
#327=DIRECTION('',(0.9175556306306163,0.39760742535577975,0));
#328=FACE_SURFACE('',(#333),#329,.T.);
#329=PLANE('',#330);
#330=AXIS2_PLACEMENT_3D('',#34,#331,#332);
#331=DIRECTION('',(0,0,1));
#332=DIRECTION('',(-0.9175556306306163,-0.39760742535577975,0));
#333=FACE_BOUND('',#334,.T.);
#334=EDGE_LOOP('',(#335,#336,#337));
#335=ORIENTED_EDGE('',*,*,#338,.T.);
#336=ORIENTED_EDGE('',*,*,#339,.T.);
#337=ORIENTED_EDGE('',*,*,#340,.T.);
#338=EDGE_CURVE('',#35,#39,#341,.F.);
#339=EDGE_CURVE('',#39,#41,#342,.T.);
#340=EDGE_CURVE('',#41,#35,#343,.T.);
#341=LINE('',#34,#344);
#342=LINE('',#38,#345);
#343=LINE('',#40,#346);
#344=VECTOR('',#347,1.0);
#345=VECTOR('',#348,1.0);
#346=VECTOR('',#349,1.0);
#347=DIRECTION('',(-0.9175556306306163,-0.39760742535577975,0));
#348=DIRECTION('',(1,0,0));
#349=DIRECTION('',(0,1,0));
#350=FACE_SURFACE('',(#355),#351,.T.);
#351=PLANE('',#352);
#352=AXIS2_PLACEMENT_3D('',#42,#353,#354);
#353=DIRECTION('',(0,-1,0));
#354=DIRECTION('',(0,0,1));
#355=FACE_BOUND('',#356,.T.);
#356=EDGE_LOOP('',(#357,#358,#359));
#357=ORIENTED_EDGE('',*,*,#360,.T.);
#358=ORIENTED_EDGE('',*,*,#361,.T.);
#359=ORIENTED_EDGE('',*,*,#362,.T.);
#360=EDGE_CURVE('',#43,#41,#363,.F.);
#361=EDGE_CURVE('',#41,#39,#364,.T.);
#362=EDGE_CURVE('',#39,#43,#365,.T.);
#363=LINE('',#42,#366);
#364=LINE('',#40,#367);
#365=LINE('',#38,#368);
#366=VECTOR('',#369,1.0);
#367=VECTOR('',#370,1.0);
#368=VECTOR('',#371,1.0);
#369=DIRECTION('',(0,0,1));
#370=DIRECTION('',(-1,0,0));
#371=DIRECTION('',(0.5789540037556173,0,-0.8153602035513756));
#372=FACE_SURFACE('',(#377),#373,.T.);
#373=PLANE('',#374);
#374=AXIS2_PLACEMENT_3D('',#42,#375,#376);
#375=DIRECTION('',(0,-1,0));
#376=DIRECTION('',(-0.5789540037556173,0,0.8153602035513756));
#377=FACE_BOUND('',#378,.T.);
#378=EDGE_LOOP('',(#379,#380,#381));
#379=ORIENTED_EDGE('',*,*,#382,.T.);
#380=ORIENTED_EDGE('',*,*,#383,.T.);
#381=ORIENTED_EDGE('',*,*,#384,.T.);
#382=EDGE_CURVE('',#43,#39,#385,.F.);
#383=EDGE_CURVE('',#39,#45,#386,.T.);
#384=EDGE_CURVE('',#45,#43,#387,.T.);
#385=LINE('',#42,#388);
#386=LINE('',#38,#389);
#387=LINE('',#44,#390);
#388=VECTOR('',#391,1.0);
#389=VECTOR('',#392,1.0);
#390=VECTOR('',#393,1.0);
#391=DIRECTION('',(-0.5789540037556173,0,0.8153602035513756));
#392=DIRECTION('',(0,0,-1));
#393=DIRECTION('',(1,0,0));
#394=FACE_SURFACE('',(#399),#395,.T.);
#395=PLANE('',#396);
#396=AXIS2_PLACEMENT_3D('',#44,#397,#398);
#397=DIRECTION('',(-1,0,0));
#398=DIRECTION('',(0,0,1));
#399=FACE_BOUND('',#400,.T.);
#400=EDGE_LOOP('',(#401,#402,#403));
#401=ORIENTED_EDGE('',*,*,#404,.T.);
#402=ORIENTED_EDGE('',*,*,#405,.T.);
#403=ORIENTED_EDGE('',*,*,#406,.T.);
#404=EDGE_CURVE('',#45,#39,#407,.F.);
#405=EDGE_CURVE('',#39,#37,#408,.T.);
#406=EDGE_CURVE('',#37,#45,#409,.T.);
#407=LINE('',#44,#410);
#408=LINE('',#38,#411);
#409=LINE('',#36,#412);
#410=VECTOR('',#413,1.0);
#411=VECTOR('',#414,1.0);
#412=VECTOR('',#415,1.0);
#413=DIRECTION('',(0,0,1));
#414=DIRECTION('',(0,1,0));
#415=DIRECTION('',(0,-0.29408584504749435,-0.9557790098881127));
#416=FACE_SURFACE('',(#421),#417,.T.);
#417=PLANE('',#418);
#418=AXIS2_PLACEMENT_3D('',#44,#419,#420);
#419=DIRECTION('',(-1,0,0));
#420=DIRECTION('',(0,0.29408584504749435,0.9557790098881127));
#421=FACE_BOUND('',#422,.T.);
#422=EDGE_LOOP('',(#423,#424,#425));
#423=ORIENTED_EDGE('',*,*,#426,.T.);
#424=ORIENTED_EDGE('',*,*,#427,.T.);
#425=ORIENTED_EDGE('',*,*,#428,.T.);
#426=EDGE_CURVE('',#45,#37,#429,.F.);
#427=EDGE_CURVE('',#37,#47,#430,.T.);
#428=EDGE_CURVE('',#47,#45,#431,.T.);
#429=LINE('',#44,#432);
#430=LINE('',#36,#433);
#431=LINE('',#46,#434);
#432=VECTOR('',#435,1.0);
#433=VECTOR('',#436,1.0);
#434=VECTOR('',#437,1.0);
#435=DIRECTION('',(0,0.29408584504749435,0.9557790098881127));
#436=DIRECTION('',(0,0,-1));
#437=DIRECTION('',(0,-1,0));
#438=FACE_SURFACE('',(#443),#439,.T.);
#439=PLANE('',#440);
#440=AXIS2_PLACEMENT_3D('',#46,#441,#442);
#441=DIRECTION('',(0,0,-1));
#442=DIRECTION('',(1,0,0));
#443=FACE_BOUND('',#444,.T.);
#444=EDGE_LOOP('',(#445,#446,#447));
#445=ORIENTED_EDGE('',*,*,#448,.T.);
#446=ORIENTED_EDGE('',*,*,#449,.T.);
#447=ORIENTED_EDGE('',*,*,#450,.T.);
#448=EDGE_CURVE('',#47,#49,#451,.F.);
#449=EDGE_CURVE('',#49,#43,#452,.T.);
#450=EDGE_CURVE('',#43,#47,#453,.T.);
#451=LINE('',#46,#454);
#452=LINE('',#48,#455);
#453=LINE('',#42,#456);
#454=VECTOR('',#457,1.0);
#455=VECTOR('',#458,1.0);
#456=VECTOR('',#459,1.0);
#457=DIRECTION('',(1,0,0));
#458=DIRECTION('',(0,-1,0));
#459=DIRECTION('',(-0.9175556306306163,0.39760742535577975,0));
#460=FACE_SURFACE('',(#465),#461,.T.);
#461=PLANE('',#462);
#462=AXIS2_PLACEMENT_3D('',#46,#463,#464);
#463=DIRECTION('',(0,0,-1));
#464=DIRECTION('',(0.9175556306306163,-0.39760742535577975,0));
#465=FACE_BOUND('',#466,.T.);
#466=EDGE_LOOP('',(#467,#468,#469));
#467=ORIENTED_EDGE('',*,*,#470,.T.);
#468=ORIENTED_EDGE('',*,*,#471,.T.);
#469=ORIENTED_EDGE('',*,*,#472,.T.);
#470=EDGE_CURVE('',#47,#43,#473,.F.);
#471=EDGE_CURVE('',#43,#45,#474,.T.);
#472=EDGE_CURVE('',#45,#47,#475,.T.);
#473=LINE('',#46,#476);
#474=LINE('',#42,#477);
#475=LINE('',#44,#478);
#476=VECTOR('',#479,1.0);
#477=VECTOR('',#480,1.0);
#478=VECTOR('',#481,1.0);
#479=DIRECTION('',(0.9175556306306163,-0.39760742535577975,0));
#480=DIRECTION('',(-1,0,0));
#481=DIRECTION('',(0,1,0));
#482=FACE_SURFACE('',(#487),#483,.T.);
#483=PLANE('',#484);
#484=AXIS2_PLACEMENT_3D('',#48,#485,#486);
#485=DIRECTION('',(1,0,-0));
#486=DIRECTION('',(0,0,1));
#487=FACE_BOUND('',#488,.T.);
#488=EDGE_LOOP('',(#489,#490,#491));
#489=ORIENTED_EDGE('',*,*,#492,.T.);
#490=ORIENTED_EDGE('',*,*,#493,.T.);
#491=ORIENTED_EDGE('',*,*,#494,.T.);
#492=EDGE_CURVE('',#49,#35,#495,.F.);
#493=EDGE_CURVE('',#35,#41,#496,.T.);
#494=EDGE_CURVE('',#41,#49,#497,.T.);
#495=LINE('',#48,#498);
#496=LINE('',#34,#499);
#497=LINE('',#40,#500);
#498=VECTOR('',#501,1.0);
#499=VECTOR('',#502,1.0);
#500=VECTOR('',#503,1.0);
#501=DIRECTION('',(0,0,1));
#502=DIRECTION('',(0,-1,0));
#503=DIRECTION('',(0,0.29408584504749435,-0.9557790098881127));
#504=FACE_SURFACE('',(#509),#505,.T.);
#505=PLANE('',#506);
#506=AXIS2_PLACEMENT_3D('',#48,#507,#508);
#507=DIRECTION('',(1,0,0));
#508=DIRECTION('',(0,-0.29408584504749435,0.9557790098881127));
#509=FACE_BOUND('',#510,.T.);
#510=EDGE_LOOP('',(#511,#512,#513));
#511=ORIENTED_EDGE('',*,*,#514,.T.);
#512=ORIENTED_EDGE('',*,*,#515,.T.);
#513=ORIENTED_EDGE('',*,*,#516,.T.);
#514=EDGE_CURVE('',#49,#41,#517,.F.);
#515=EDGE_CURVE('',#41,#43,#518,.T.);
#516=EDGE_CURVE('',#43,#49,#519,.T.);
#517=LINE('',#48,#520);
#518=LINE('',#40,#521);
#519=LINE('',#42,#522);
#520=VECTOR('',#523,1.0);
#521=VECTOR('',#524,1.0);
#522=VECTOR('',#525,1.0);
#523=DIRECTION('',(0,-0.29408584504749435,0.9557790098881127));
#524=DIRECTION('',(0,0,-1));
#525=DIRECTION('',(0,1,0));
#526=FACE_SURFACE('',(#531),#527,.T.);
#527=PLANE('',#528);
#528=AXIS2_PLACEMENT_3D('',#46,#529,#530);
#529=DIRECTION('',(0,1,0));
#530=DIRECTION('',(0,0,1));
#531=FACE_BOUND('',#532,.T.);
#532=EDGE_LOOP('',(#533,#534,#535));
#533=ORIENTED_EDGE('',*,*,#536,.T.);
#534=ORIENTED_EDGE('',*,*,#537,.T.);
#535=ORIENTED_EDGE('',*,*,#538,.T.);
#536=EDGE_CURVE('',#47,#37,#539,.F.);
#537=EDGE_CURVE('',#37,#35,#540,.T.);
#538=EDGE_CURVE('',#35,#47,#541,.T.);
#539=LINE('',#46,#542);
#540=LINE('',#36,#543);
#541=LINE('',#34,#544);
#542=VECTOR('',#545,1.0);
#543=VECTOR('',#546,1.0);
#544=VECTOR('',#547,1.0);
#545=DIRECTION('',(0,0,1));
#546=DIRECTION('',(1,0,0));
#547=DIRECTION('',(-0.5789540037556173,0,-0.8153602035513756));
#548=FACE_SURFACE('',(#553),#549,.T.);
#549=PLANE('',#550);
#550=AXIS2_PLACEMENT_3D('',#46,#551,#552);
#551=DIRECTION('',(0,1,0));
#552=DIRECTION('',(0.5789540037556173,0,0.8153602035513756));
#553=FACE_BOUND('',#554,.T.);
#554=EDGE_LOOP('',(#555,#556,#557));
#555=ORIENTED_EDGE('',*,*,#558,.T.);
#556=ORIENTED_EDGE('',*,*,#559,.T.);
#557=ORIENTED_EDGE('',*,*,#560,.T.);
#558=EDGE_CURVE('',#47,#35,#561,.F.);
#559=EDGE_CURVE('',#35,#49,#562,.T.);
#560=EDGE_CURVE('',#49,#47,#563,.T.);
#561=LINE('',#46,#564);
#562=LINE('',#34,#565);
#563=LINE('',#48,#566);
#564=VECTOR('',#567,1.0);
#565=VECTOR('',#568,1.0);
#566=VECTOR('',#569,1.0);
#567=DIRECTION('',(0.5789540037556173,0,0.8153602035513756));
#568=DIRECTION('',(0,0,-1));
#569=DIRECTION('',(-1,0,0));
#570=FACE_SURFACE('',(#575),#571,.T.);
#571=PLANE('',#572);
#572=AXIS2_PLACEMENT_3D('',#50,#573,#574);
#573=DIRECTION('',(0.0980173736652602,0,0.9951847036906089));
#574=DIRECTION('',(0,-1,0));
#575=FACE_BOUND('',#576,.T.);
#576=EDGE_LOOP('',(#577,#578,#579));
#577=ORIENTED_EDGE('',*,*,#580,.T.);
#578=ORIENTED_EDGE('',*,*,#581,.T.);
#579=ORIENTED_EDGE('',*,*,#582,.T.);
#580=EDGE_CURVE('',#51,#53,#583,.F.);
#581=EDGE_CURVE('',#53,#55,#584,.T.);
#582=EDGE_CURVE('',#55,#51,#585,.T.);
#583=LINE('',#50,#586);
#584=LINE('',#52,#587);
#585=LINE('',#54,#588);
#586=VECTOR('',#589,1.0);
#587=VECTOR('',#590,1.0);
#588=VECTOR('',#591,1.0);
#589=DIRECTION('',(0,-1,0));
#590=DIRECTION('',(0.9951847036906087,0,-0.0980173736652602));
#591=DIRECTION('',(-0.2633871290272272,0.9643413619957629,0.025941430318153158));
#592=FACE_SURFACE('',(#597),#593,.T.);
#593=PLANE('',#594);
#594=AXIS2_PLACEMENT_3D('',#50,#595,#596);
#595=DIRECTION('',(0.0980173736652602,0,0.9951847036906089));
#596=DIRECTION('',(0.2633871290272272,-0.9643413619957629,-0.025941430318153158));
#597=FACE_BOUND('',#598,.T.);
#598=EDGE_LOOP('',(#599,#600,#601));
#599=ORIENTED_EDGE('',*,*,#602,.T.);
#600=ORIENTED_EDGE('',*,*,#603,.T.);
#601=ORIENTED_EDGE('',*,*,#604,.T.);
#602=EDGE_CURVE('',#51,#55,#605,.F.);
#603=EDGE_CURVE('',#55,#57,#606,.T.);
#604=EDGE_CURVE('',#57,#51,#607,.T.);
#605=LINE('',#50,#608);
#606=LINE('',#54,#609);
#607=LINE('',#56,#610);
#608=VECTOR('',#611,1.0);
#609=VECTOR('',#612,1.0);
#610=VECTOR('',#613,1.0);
#611=DIRECTION('',(0.2633871290272272,-0.9643413619957629,-0.025941430318153158));
#612=DIRECTION('',(0,1,0));
#613=DIRECTION('',(-0.9951847036906087,0,0.0980173736652602));
#614=FACE_SURFACE('',(#619),#615,.T.);
#615=PLANE('',#616);
#616=AXIS2_PLACEMENT_3D('',#56,#617,#618);
#617=DIRECTION('',(0.2902846576192115,0,0.956940341688497));
#618=DIRECTION('',(0,-1,0));
#619=FACE_BOUND('',#620,.T.);
#620=EDGE_LOOP('',(#621,#622,#623));
#621=ORIENTED_EDGE('',*,*,#624,.T.);
#622=ORIENTED_EDGE('',*,*,#625,.T.);
#623=ORIENTED_EDGE('',*,*,#626,.T.);
#624=EDGE_CURVE('',#57,#55,#627,.F.);
#625=EDGE_CURVE('',#55,#59,#628,.T.);
#626=EDGE_CURVE('',#59,#57,#629,.T.);
#627=LINE('',#56,#630);
#628=LINE('',#54,#631);
#629=LINE('',#58,#632);
#630=VECTOR('',#633,1.0);
#631=VECTOR('',#634,1.0);
#632=VECTOR('',#635,1.0);
#633=DIRECTION('',(0,-1,0));
#634=DIRECTION('',(0.956940341688497,0,-0.2902846576192115));
#635=DIRECTION('',(-0.25326531420186066,0.9643413627388712,0.07682718746101422));
#636=FACE_SURFACE('',(#641),#637,.T.);
#637=PLANE('',#638);
#638=AXIS2_PLACEMENT_3D('',#56,#639,#640);
#639=DIRECTION('',(0.2902846576192115,0,0.956940341688497));
#640=DIRECTION('',(0.25326531420186066,-0.9643413627388712,-0.07682718746101422));
#641=FACE_BOUND('',#642,.T.);
#642=EDGE_LOOP('',(#643,#644,#645));
#643=ORIENTED_EDGE('',*,*,#646,.T.);
#644=ORIENTED_EDGE('',*,*,#647,.T.);
#645=ORIENTED_EDGE('',*,*,#648,.T.);
#646=EDGE_CURVE('',#57,#59,#649,.F.);
#647=EDGE_CURVE('',#59,#61,#650,.T.);
#648=EDGE_CURVE('',#61,#57,#651,.T.);
#649=LINE('',#56,#652);
#650=LINE('',#58,#653);
#651=LINE('',#60,#654);
#652=VECTOR('',#655,1.0);
#653=VECTOR('',#656,1.0);
#654=VECTOR('',#657,1.0);
#655=DIRECTION('',(0.25326531420186066,-0.9643413627388712,-0.07682718746101422));
#656=DIRECTION('',(0,1,0));
#657=DIRECTION('',(-0.956940341688497,0,0.2902846576192115));
#658=FACE_SURFACE('',(#663),#659,.T.);
#659=PLANE('',#660);
#660=AXIS2_PLACEMENT_3D('',#60,#661,#662);
#661=DIRECTION('',(0.47139629069573674,0,0.8819215028098025));
#662=DIRECTION('',(0,-1,0));
#663=FACE_BOUND('',#664,.T.);
#664=EDGE_LOOP('',(#665,#666,#667));
#665=ORIENTED_EDGE('',*,*,#668,.T.);
#666=ORIENTED_EDGE('',*,*,#669,.T.);
#667=ORIENTED_EDGE('',*,*,#670,.T.);
#668=EDGE_CURVE('',#61,#59,#671,.F.);
#669=EDGE_CURVE('',#59,#63,#672,.T.);
#670=EDGE_CURVE('',#63,#61,#673,.T.);
#671=LINE('',#60,#674);
#672=LINE('',#58,#675);
#673=LINE('',#62,#676);
#674=VECTOR('',#677,1.0);
#675=VECTOR('',#678,1.0);
#676=VECTOR('',#679,1.0);
#677=DIRECTION('',(0,-1,0));
#678=DIRECTION('',(0.8819215028098024,0,-0.4713962906957367));
#679=DIRECTION('',(-0.2334106613500558,0.9643413785058181,0.12476044593391006));
#680=FACE_SURFACE('',(#685),#681,.T.);
#681=PLANE('',#682);
#682=AXIS2_PLACEMENT_3D('',#60,#683,#684);
#683=DIRECTION('',(0.47139629069573674,0,0.8819215028098025));
#684=DIRECTION('',(0.2334106613500558,-0.9643413785058181,-0.12476044593391006));
#685=FACE_BOUND('',#686,.T.);
#686=EDGE_LOOP('',(#687,#688,#689));
#687=ORIENTED_EDGE('',*,*,#690,.T.);
#688=ORIENTED_EDGE('',*,*,#691,.T.);
#689=ORIENTED_EDGE('',*,*,#692,.T.);
#690=EDGE_CURVE('',#61,#63,#693,.F.);
#691=EDGE_CURVE('',#63,#65,#694,.T.);
#692=EDGE_CURVE('',#65,#61,#695,.T.);
#693=LINE('',#60,#696);
#694=LINE('',#62,#697);
#695=LINE('',#64,#698);
#696=VECTOR('',#699,1.0);
#697=VECTOR('',#700,1.0);
#698=VECTOR('',#701,1.0);
#699=DIRECTION('',(0.2334106613500558,-0.9643413785058181,-0.12476044593391006));
#700=DIRECTION('',(0,1,0));
#701=DIRECTION('',(-0.8819215028098024,0,0.4713962906957367));
#702=FACE_SURFACE('',(#707),#703,.T.);
#703=PLANE('',#704);
#704=AXIS2_PLACEMENT_3D('',#64,#705,#706);
#705=DIRECTION('',(0.6343936714121163,0,0.7730101355559679));
#706=DIRECTION('',(0,-1,0));
#707=FACE_BOUND('',#708,.T.);
#708=EDGE_LOOP('',(#709,#710,#711));
#709=ORIENTED_EDGE('',*,*,#712,.T.);
#710=ORIENTED_EDGE('',*,*,#713,.T.);
#711=ORIENTED_EDGE('',*,*,#714,.T.);
#712=EDGE_CURVE('',#65,#63,#715,.F.);
#713=EDGE_CURVE('',#63,#67,#716,.T.);
#714=EDGE_CURVE('',#67,#65,#717,.T.);
#715=LINE('',#64,#718);
#716=LINE('',#62,#719);
#717=LINE('',#66,#720);
#718=VECTOR('',#721,1.0);
#719=VECTOR('',#722,1.0);
#720=VECTOR('',#723,1.0);
#721=DIRECTION('',(0,-1,0));
#722=DIRECTION('',(0.7730101355559679,0,-0.6343936714121163));
#723=DIRECTION('',(-0.2045861115914739,0.9643413446822747,0.16789965419935568));
#724=FACE_SURFACE('',(#729),#725,.T.);
#725=PLANE('',#726);
#726=AXIS2_PLACEMENT_3D('',#64,#727,#728);
#727=DIRECTION('',(0.6343936714121163,0,0.7730101355559679));
#728=DIRECTION('',(0.2045861115914739,-0.9643413446822747,-0.16789965419935568));
#729=FACE_BOUND('',#730,.T.);
#730=EDGE_LOOP('',(#731,#732,#733));
#731=ORIENTED_EDGE('',*,*,#734,.T.);
#732=ORIENTED_EDGE('',*,*,#735,.T.);
#733=ORIENTED_EDGE('',*,*,#736,.T.);
#734=EDGE_CURVE('',#65,#67,#737,.F.);
#735=EDGE_CURVE('',#67,#69,#738,.T.);
#736=EDGE_CURVE('',#69,#65,#739,.T.);
#737=LINE('',#64,#740);
#738=LINE('',#66,#741);
#739=LINE('',#68,#742);
#740=VECTOR('',#743,1.0);
#741=VECTOR('',#744,1.0);
#742=VECTOR('',#745,1.0);
#743=DIRECTION('',(0.2045861115914739,-0.9643413446822747,-0.16789965419935568));
#744=DIRECTION('',(0,1,0));
#745=DIRECTION('',(-0.7730101355559679,0,0.6343936714121163));
#746=FACE_SURFACE('',(#751),#747,.T.);
#747=PLANE('',#748);
#748=AXIS2_PLACEMENT_3D('',#68,#749,#750);
#749=DIRECTION('',(0.7730101966704234,0,0.6343935969440057));
#750=DIRECTION('',(0,-1,0));
#751=FACE_BOUND('',#752,.T.);
#752=EDGE_LOOP('',(#753,#754,#755));
#753=ORIENTED_EDGE('',*,*,#756,.T.);
#754=ORIENTED_EDGE('',*,*,#757,.T.);
#755=ORIENTED_EDGE('',*,*,#758,.T.);
#756=EDGE_CURVE('',#69,#67,#759,.F.);
#757=EDGE_CURVE('',#67,#71,#760,.T.);
#758=EDGE_CURVE('',#71,#69,#761,.T.);
#759=LINE('',#68,#762);
#760=LINE('',#66,#763);
#761=LINE('',#70,#764);
#762=VECTOR('',#765,1.0);
#763=VECTOR('',#766,1.0);
#764=VECTOR('',#767,1.0);
#765=DIRECTION('',(0,-1,0));
#766=DIRECTION('',(0.6343935969440057,0,-0.7730101966704234));
#767=DIRECTION('',(-0.1678994817690768,0.9643414107517939,0.20458594167467908));
#768=FACE_SURFACE('',(#773),#769,.T.);
#769=PLANE('',#770);
#770=AXIS2_PLACEMENT_3D('',#68,#771,#772);
#771=DIRECTION('',(0.7730101966704234,0,0.6343935969440057));
#772=DIRECTION('',(0.1678994817690768,-0.9643414107517939,-0.20458594167467908));
#773=FACE_BOUND('',#774,.T.);
#774=EDGE_LOOP('',(#775,#776,#777));
#775=ORIENTED_EDGE('',*,*,#778,.T.);
#776=ORIENTED_EDGE('',*,*,#779,.T.);
#777=ORIENTED_EDGE('',*,*,#780,.T.);
#778=EDGE_CURVE('',#69,#71,#781,.F.);
#779=EDGE_CURVE('',#71,#73,#782,.T.);
#780=EDGE_CURVE('',#73,#69,#783,.T.);
#781=LINE('',#68,#784);
#782=LINE('',#70,#785);
#783=LINE('',#72,#786);
#784=VECTOR('',#787,1.0);
#785=VECTOR('',#788,1.0);
#786=VECTOR('',#789,1.0);
#787=DIRECTION('',(0.1678994817690768,-0.9643414107517939,-0.20458594167467908));
#788=DIRECTION('',(0,1,0));
#789=DIRECTION('',(-0.6343935969440057,0,0.7730101966704234));
#790=FACE_SURFACE('',(#795),#791,.T.);
#791=PLANE('',#792);
#792=AXIS2_PLACEMENT_3D('',#72,#793,#794);
#793=DIRECTION('',(0.8819213969554118,0,0.47139648873555984));
#794=DIRECTION('',(0,-1,0));
#795=FACE_BOUND('',#796,.T.);
#796=EDGE_LOOP('',(#797,#798,#799));
#797=ORIENTED_EDGE('',*,*,#800,.T.);
#798=ORIENTED_EDGE('',*,*,#801,.T.);
#799=ORIENTED_EDGE('',*,*,#802,.T.);
#800=EDGE_CURVE('',#73,#71,#803,.F.);
#801=EDGE_CURVE('',#71,#75,#804,.T.);
#802=EDGE_CURVE('',#75,#73,#805,.T.);
#803=LINE('',#72,#806);
#804=LINE('',#70,#807);
#805=LINE('',#74,#808);
#806=VECTOR('',#809,1.0);
#807=VECTOR('',#810,1.0);
#808=VECTOR('',#811,1.0);
#809=DIRECTION('',(0,-1,0));
#810=DIRECTION('',(0.47139648873555273,1.7374406458563637E-07,-0.8819213969553985));
#811=DIRECTION('',(-0.12476054066247078,0.964341353869914,0.23341071250041037));
#812=FACE_SURFACE('',(#817),#813,.T.);
#813=PLANE('',#814);
#814=AXIS2_PLACEMENT_3D('',#72,#815,#816);
#815=DIRECTION('',(0.8819213969554118,0,0.47139648873555984));
#816=DIRECTION('',(0.12476054066247078,-0.964341353869914,-0.23341071250041037));
#817=FACE_BOUND('',#818,.T.);
#818=EDGE_LOOP('',(#819,#820,#821));
#819=ORIENTED_EDGE('',*,*,#822,.T.);
#820=ORIENTED_EDGE('',*,*,#823,.T.);
#821=ORIENTED_EDGE('',*,*,#824,.T.);
#822=EDGE_CURVE('',#73,#75,#825,.F.);
#823=EDGE_CURVE('',#75,#77,#826,.T.);
#824=EDGE_CURVE('',#77,#73,#827,.T.);
#825=LINE('',#72,#828);
#826=LINE('',#74,#829);
#827=LINE('',#76,#830);
#828=VECTOR('',#831,1.0);
#829=VECTOR('',#832,1.0);
#830=VECTOR('',#833,1.0);
#831=DIRECTION('',(0.12476054066247078,-0.964341353869914,-0.23341071250041037));
#832=DIRECTION('',(0,1,0));
#833=DIRECTION('',(-0.47139648873555984,0,0.8819213969554118));
#834=FACE_SURFACE('',(#839),#835,.T.);
#835=PLANE('',#836);
#836=AXIS2_PLACEMENT_3D('',#76,#837,#838);
#837=DIRECTION('',(0.9569403709696354,0,0.2902845610922095));
#838=DIRECTION('',(0,-1,0));
#839=FACE_BOUND('',#840,.T.);
#840=EDGE_LOOP('',(#841,#842,#843));
#841=ORIENTED_EDGE('',*,*,#844,.T.);
#842=ORIENTED_EDGE('',*,*,#845,.T.);
#843=ORIENTED_EDGE('',*,*,#846,.T.);
#844=EDGE_CURVE('',#77,#75,#847,.F.);
#845=EDGE_CURVE('',#75,#79,#848,.T.);
#846=EDGE_CURVE('',#79,#77,#849,.T.);
#847=LINE('',#76,#850);
#848=LINE('',#74,#851);
#849=LINE('',#78,#852);
#850=VECTOR('',#853,1.0);
#851=VECTOR('',#854,1.0);
#852=VECTOR('',#855,1.0);
#853=DIRECTION('',(0,-1,0));
#854=DIRECTION('',(0.2902845610922095,0,-0.9569403709696352));
#855=DIRECTION('',(-0.0768271890783555,0.9643413370564977,0.2532654115002773));
#856=FACE_SURFACE('',(#861),#857,.T.);
#857=PLANE('',#858);
#858=AXIS2_PLACEMENT_3D('',#76,#859,#860);
#859=DIRECTION('',(0.9569403416884965,-2.7683702241822374E-08,0.2902846576192114));
#860=DIRECTION('',(0.0768271890783555,-0.9643413370564977,-0.2532654115002773));
#861=FACE_BOUND('',#862,.T.);
#862=EDGE_LOOP('',(#863,#864,#865));
#863=ORIENTED_EDGE('',*,*,#866,.T.);
#864=ORIENTED_EDGE('',*,*,#867,.T.);
#865=ORIENTED_EDGE('',*,*,#868,.T.);
#866=EDGE_CURVE('',#77,#79,#869,.F.);
#867=EDGE_CURVE('',#79,#81,#870,.T.);
#868=EDGE_CURVE('',#81,#77,#871,.T.);
#869=LINE('',#76,#872);
#870=LINE('',#78,#873);
#871=LINE('',#80,#874);
#872=VECTOR('',#875,1.0);
#873=VECTOR('',#876,1.0);
#874=VECTOR('',#877,1.0);
#875=DIRECTION('',(0.0768271890783555,-0.9643413370564977,-0.2532654115002773));
#876=DIRECTION('',(0,0.9999999999999953,9.536743164062456E-08));
#877=DIRECTION('',(-0.2902846576192115,0,0.956940341688497));
#878=FACE_SURFACE('',(#883),#879,.T.);
#879=PLANE('',#880);
#880=AXIS2_PLACEMENT_3D('',#80,#881,#882);
#881=DIRECTION('',(0.9951847020213784,-9.347666798896506E-09,0.09801739061319703));
#882=DIRECTION('',(0,-0.9999999999999953,-9.536743164062456E-08));
#883=FACE_BOUND('',#884,.T.);
#884=EDGE_LOOP('',(#885,#886,#887));
#885=ORIENTED_EDGE('',*,*,#888,.T.);
#886=ORIENTED_EDGE('',*,*,#889,.T.);
#887=ORIENTED_EDGE('',*,*,#890,.T.);
#888=EDGE_CURVE('',#81,#79,#891,.F.);
#889=EDGE_CURVE('',#79,#83,#892,.T.);
#890=EDGE_CURVE('',#83,#81,#893,.T.);
#891=LINE('',#80,#894);
#892=LINE('',#78,#895);
#893=LINE('',#82,#896);
#894=VECTOR('',#897,1.0);
#895=VECTOR('',#898,1.0);
#896=VECTOR('',#899,1.0);
#897=DIRECTION('',(0,-0.9999999999999953,-9.536743164062456E-08));
#898=DIRECTION('',(0.09801739061319704,0,-0.9951847020213785));
#899=DIRECTION('',(-0.02594143115430363,0.9643413470952688,0.2633871835001637));
#900=FACE_SURFACE('',(#905),#901,.T.);
#901=PLANE('',#902);
#902=AXIS2_PLACEMENT_3D('',#80,#903,#904);
#903=DIRECTION('',(0.9951847053598382,0,0.09801735671732917));
#904=DIRECTION('',(0.02594143115430363,-0.9643413470952688,-0.2633871835001637));
#905=FACE_BOUND('',#906,.T.);
#906=EDGE_LOOP('',(#907,#908,#909));
#907=ORIENTED_EDGE('',*,*,#910,.T.);
#908=ORIENTED_EDGE('',*,*,#911,.T.);
#909=ORIENTED_EDGE('',*,*,#912,.T.);
#910=EDGE_CURVE('',#81,#83,#913,.F.);
#911=EDGE_CURVE('',#83,#85,#914,.T.);
#912=EDGE_CURVE('',#85,#81,#915,.T.);
#913=LINE('',#80,#916);
#914=LINE('',#82,#917);
#915=LINE('',#84,#918);
#916=VECTOR('',#919,1.0);
#917=VECTOR('',#920,1.0);
#918=VECTOR('',#921,1.0);
#919=DIRECTION('',(0.02594143115430363,-0.9643413470952688,-0.2633871835001637));
#920=DIRECTION('',(0,1,0));
#921=DIRECTION('',(-0.09801735671732917,0,0.9951847053598382));
#922=FACE_SURFACE('',(#927),#923,.T.);
#923=PLANE('',#924);
#924=AXIS2_PLACEMENT_3D('',#84,#925,#926);
#925=DIRECTION('',(0.9951847053598382,0,-0.09801735671732917));
#926=DIRECTION('',(0,-1,0));
#927=FACE_BOUND('',#928,.T.);
#928=EDGE_LOOP('',(#929,#930,#931));
#929=ORIENTED_EDGE('',*,*,#932,.T.);
#930=ORIENTED_EDGE('',*,*,#933,.T.);
#931=ORIENTED_EDGE('',*,*,#934,.T.);
#932=EDGE_CURVE('',#85,#83,#935,.F.);
#933=EDGE_CURVE('',#83,#87,#936,.T.);
#934=EDGE_CURVE('',#87,#85,#937,.T.);
#935=LINE('',#84,#938);
#936=LINE('',#82,#939);
#937=LINE('',#86,#940);
#938=VECTOR('',#941,1.0);
#939=VECTOR('',#942,1.0);
#940=VECTOR('',#943,1.0);
#941=DIRECTION('',(0,-1,0));
#942=DIRECTION('',(-0.09801735671732917,0,-0.9951847053598382));
#943=DIRECTION('',(0.02594143115430363,0.9643413470952688,0.2633871835001637));
#944=FACE_SURFACE('',(#949),#945,.T.);
#945=PLANE('',#946);
#946=AXIS2_PLACEMENT_3D('',#84,#947,#948);
#947=DIRECTION('',(0.9951847020213784,9.347666798896506E-09,-0.09801739061319703));
#948=DIRECTION('',(-0.02594143115430363,-0.9643413470952688,-0.2633871835001637));
#949=FACE_BOUND('',#950,.T.);
#950=EDGE_LOOP('',(#951,#952,#953));
#951=ORIENTED_EDGE('',*,*,#954,.T.);
#952=ORIENTED_EDGE('',*,*,#955,.T.);
#953=ORIENTED_EDGE('',*,*,#956,.T.);
#954=EDGE_CURVE('',#85,#87,#957,.F.);
#955=EDGE_CURVE('',#87,#89,#958,.T.);
#956=EDGE_CURVE('',#89,#85,#959,.T.);
#957=LINE('',#84,#960);
#958=LINE('',#86,#961);
#959=LINE('',#88,#962);
#960=VECTOR('',#963,1.0);
#961=VECTOR('',#964,1.0);
#962=VECTOR('',#965,1.0);
#963=DIRECTION('',(-0.02594143115430363,-0.9643413470952688,-0.2633871835001637));
#964=DIRECTION('',(0,0.9999999999999953,9.536743164062456E-08));
#965=DIRECTION('',(0.09801739061319704,0,0.9951847020213785));
#966=FACE_SURFACE('',(#971),#967,.T.);
#967=PLANE('',#968);
#968=AXIS2_PLACEMENT_3D('',#88,#969,#970);
#969=DIRECTION('',(0.9569403270479163,2.7683706844590697E-08,-0.29028470588273536));
#970=DIRECTION('',(0,-0.9999999999999953,-9.536743164062456E-08));
#971=FACE_BOUND('',#972,.T.);
#972=EDGE_LOOP('',(#973,#974,#975));
#973=ORIENTED_EDGE('',*,*,#976,.T.);
#974=ORIENTED_EDGE('',*,*,#977,.T.);
#975=ORIENTED_EDGE('',*,*,#978,.T.);
#976=EDGE_CURVE('',#89,#87,#979,.F.);
#977=EDGE_CURVE('',#87,#91,#980,.T.);
#978=EDGE_CURVE('',#91,#89,#981,.T.);
#979=LINE('',#88,#982);
#980=LINE('',#86,#983);
#981=LINE('',#90,#984);
#982=VECTOR('',#985,1.0);
#983=VECTOR('',#986,1.0);
#984=VECTOR('',#987,1.0);
#985=DIRECTION('',(0,-0.9999999999999953,-9.536743164062456E-08));
#986=DIRECTION('',(-0.29028470588273547,0,-0.9569403270479168));
#987=DIRECTION('',(0.07682718997308484,0.9643413482872154,0.2532653684664271));
#988=FACE_SURFACE('',(#993),#989,.T.);
#989=PLANE('',#990);
#990=AXIS2_PLACEMENT_3D('',#88,#991,#992);
#991=DIRECTION('',(0.9569403563290697,0,-0.2902846093557028));
#992=DIRECTION('',(-0.07682718997308484,-0.9643413482872154,-0.2532653684664271));
#993=FACE_BOUND('',#994,.T.);
#994=EDGE_LOOP('',(#995,#996,#997));
#995=ORIENTED_EDGE('',*,*,#998,.T.);
#996=ORIENTED_EDGE('',*,*,#999,.T.);
#997=ORIENTED_EDGE('',*,*,#1000,.T.);
#998=EDGE_CURVE('',#89,#91,#1001,.F.);
#999=EDGE_CURVE('',#91,#93,#1002,.T.);
#1000=EDGE_CURVE('',#93,#89,#1003,.T.);
#1001=LINE('',#88,#1004);
#1002=LINE('',#90,#1005);
#1003=LINE('',#92,#1006);
#1004=VECTOR('',#1007,1.0);
#1005=VECTOR('',#1008,1.0);
#1006=VECTOR('',#1009,1.0);
#1007=DIRECTION('',(-0.07682718997308484,-0.9643413482872154,-0.2532653684664271));
#1008=DIRECTION('',(0,1,0));
#1009=DIRECTION('',(0.2902846093557028,0,0.9569403563290697));
#1010=FACE_SURFACE('',(#1015),#1011,.T.);
#1011=PLANE('',#1012);
#1012=AXIS2_PLACEMENT_3D('',#92,#1013,#1014);
#1013=DIRECTION('',(0.8819213583469265,0,-0.47139656096699717));
#1014=DIRECTION('',(0,-1,0));
#1015=FACE_BOUND('',#1016,.T.);
#1016=EDGE_LOOP('',(#1017,#1018,#1019));
#1017=ORIENTED_EDGE('',*,*,#1020,.T.);
#1018=ORIENTED_EDGE('',*,*,#1021,.T.);
#1019=ORIENTED_EDGE('',*,*,#1022,.T.);
#1020=EDGE_CURVE('',#93,#91,#1023,.F.);
#1021=EDGE_CURVE('',#91,#95,#1024,.T.);
#1022=EDGE_CURVE('',#95,#93,#1025,.T.);
#1023=LINE('',#92,#1026);
#1024=LINE('',#90,#1027);
#1025=LINE('',#94,#1028);
#1026=VECTOR('',#1029,1.0);
#1027=VECTOR('',#1030,1.0);
#1028=VECTOR('',#1031,1.0);
#1029=DIRECTION('',(0,-1,0));
#1030=DIRECTION('',(-0.47139656096699006,1.7374409120820108E-07,-0.8819213583469133));
#1031=DIRECTION('',(0.12476054753386837,0.964341360999262,0.23341067937251816));
#1032=FACE_SURFACE('',(#1037),#1033,.T.);
#1033=PLANE('',#1034);
#1034=AXIS2_PLACEMENT_3D('',#92,#1035,#1036);
#1035=DIRECTION('',(0.8819213583469265,0,-0.47139656096699717));
#1036=DIRECTION('',(-0.12476054753386837,-0.964341360999262,-0.23341067937251816));
#1037=FACE_BOUND('',#1038,.T.);
#1038=EDGE_LOOP('',(#1039,#1040,#1041));
#1039=ORIENTED_EDGE('',*,*,#1042,.T.);
#1040=ORIENTED_EDGE('',*,*,#1043,.T.);
#1041=ORIENTED_EDGE('',*,*,#1044,.T.);
#1042=EDGE_CURVE('',#93,#95,#1045,.F.);
#1043=EDGE_CURVE('',#95,#97,#1046,.T.);
#1044=EDGE_CURVE('',#97,#93,#1047,.T.);
#1045=LINE('',#92,#1048);
#1046=LINE('',#94,#1049);
#1047=LINE('',#96,#1050);
#1048=VECTOR('',#1051,1.0);
#1049=VECTOR('',#1052,1.0);
#1050=VECTOR('',#1053,1.0);
#1051=DIRECTION('',(-0.12476054753386837,-0.964341360999262,-0.23341067937251816));
#1052=DIRECTION('',(0,1,0));
#1053=DIRECTION('',(0.47139656096699717,0,0.8819213583469265));
#1054=FACE_SURFACE('',(#1059),#1055,.T.);
#1055=PLANE('',#1056);
#1056=AXIS2_PLACEMENT_3D('',#96,#1057,#1058);
#1057=DIRECTION('',(0.7730104763672541,0,-0.6343932561325593));
#1058=DIRECTION('',(0,-1,0));
#1059=FACE_BOUND('',#1060,.T.);
#1060=EDGE_LOOP('',(#1061,#1062,#1063));
#1061=ORIENTED_EDGE('',*,*,#1064,.T.);
#1062=ORIENTED_EDGE('',*,*,#1065,.T.);
#1063=ORIENTED_EDGE('',*,*,#1066,.T.);
#1064=EDGE_CURVE('',#97,#95,#1067,.F.);
#1065=EDGE_CURVE('',#95,#99,#1068,.T.);
#1066=EDGE_CURVE('',#99,#97,#1069,.T.);
#1067=LINE('',#96,#1070);
#1068=LINE('',#94,#1071);
#1069=LINE('',#98,#1072);
#1070=VECTOR('',#1073,1.0);
#1071=VECTOR('',#1074,1.0);
#1072=VECTOR('',#1075,1.0);
#1073=DIRECTION('',(0,-1,0));
#1074=DIRECTION('',(-0.6343932561325593,0,-0.7730104763672541));
#1075=DIRECTION('',(0.16789949034154164,0.96434136802153,0.20458613605377685));
#1076=FACE_SURFACE('',(#1081),#1077,.T.);
#1077=PLANE('',#1078);
#1078=AXIS2_PLACEMENT_3D('',#96,#1079,#1080);
#1079=DIRECTION('',(0.7730104763672541,0,-0.6343932561325593));
#1080=DIRECTION('',(-0.16789949034154164,-0.96434136802153,-0.20458613605377685));
#1081=FACE_BOUND('',#1082,.T.);
#1082=EDGE_LOOP('',(#1083,#1084,#1085));
#1083=ORIENTED_EDGE('',*,*,#1086,.T.);
#1084=ORIENTED_EDGE('',*,*,#1087,.T.);
#1085=ORIENTED_EDGE('',*,*,#1088,.T.);
#1086=EDGE_CURVE('',#97,#99,#1089,.F.);
#1087=EDGE_CURVE('',#99,#101,#1090,.T.);
#1088=EDGE_CURVE('',#101,#97,#1091,.T.);
#1089=LINE('',#96,#1092);
#1090=LINE('',#98,#1093);
#1091=LINE('',#100,#1094);
#1092=VECTOR('',#1095,1.0);
#1093=VECTOR('',#1096,1.0);
#1094=VECTOR('',#1097,1.0);
#1095=DIRECTION('',(-0.16789949034154164,-0.96434136802153,-0.20458613605377685));
#1096=DIRECTION('',(0,1,0));
#1097=DIRECTION('',(0.6343932561325593,0,0.7730104763672541));
#1098=FACE_SURFACE('',(#1103),#1099,.T.);
#1099=PLANE('',#1100);
#1100=AXIS2_PLACEMENT_3D('',#100,#1101,#1102);
#1101=DIRECTION('',(0.6343932561325593,0,-0.7730104763672541));
#1102=DIRECTION('',(0,-1,0));
#1103=FACE_BOUND('',#1104,.T.);
#1104=EDGE_LOOP('',(#1105,#1106,#1107));
#1105=ORIENTED_EDGE('',*,*,#1108,.T.);
#1106=ORIENTED_EDGE('',*,*,#1109,.T.);
#1107=ORIENTED_EDGE('',*,*,#1110,.T.);
#1108=EDGE_CURVE('',#101,#99,#1111,.F.);
#1109=EDGE_CURVE('',#99,#103,#1112,.T.);
#1110=EDGE_CURVE('',#103,#101,#1113,.T.);
#1111=LINE('',#100,#1114);
#1112=LINE('',#98,#1115);
#1113=LINE('',#102,#1116);
#1114=VECTOR('',#1117,1.0);
#1115=VECTOR('',#1118,1.0);
#1116=VECTOR('',#1119,1.0);
#1117=DIRECTION('',(0,-1,0));
#1118=DIRECTION('',(-0.7730104763672541,0,-0.6343932561325593));
#1119=DIRECTION('',(0.20458613605377685,0.96434136802153,0.16789949034154164));
#1120=FACE_SURFACE('',(#1125),#1121,.T.);
#1121=PLANE('',#1122);
#1122=AXIS2_PLACEMENT_3D('',#100,#1123,#1124);
#1123=DIRECTION('',(0.6343932561325593,0,-0.7730104763672541));
#1124=DIRECTION('',(-0.20458613605377685,-0.96434136802153,-0.16789949034154164));
#1125=FACE_BOUND('',#1126,.T.);
#1126=EDGE_LOOP('',(#1127,#1128,#1129));
#1127=ORIENTED_EDGE('',*,*,#1130,.T.);
#1128=ORIENTED_EDGE('',*,*,#1131,.T.);
#1129=ORIENTED_EDGE('',*,*,#1132,.T.);
#1130=EDGE_CURVE('',#101,#103,#1133,.F.);
#1131=EDGE_CURVE('',#103,#105,#1134,.T.);
#1132=EDGE_CURVE('',#105,#101,#1135,.T.);
#1133=LINE('',#100,#1136);
#1134=LINE('',#102,#1137);
#1135=LINE('',#104,#1138);
#1136=VECTOR('',#1139,1.0);
#1137=VECTOR('',#1140,1.0);
#1138=VECTOR('',#1141,1.0);
#1139=DIRECTION('',(-0.20458613605377685,-0.96434136802153,-0.16789949034154164));
#1140=DIRECTION('',(0,1,0));
#1141=DIRECTION('',(0.7730104763672541,0,0.6343932561325593));
#1142=FACE_SURFACE('',(#1147),#1143,.T.);
#1143=PLANE('',#1144);
#1144=AXIS2_PLACEMENT_3D('',#104,#1145,#1146);
#1145=DIRECTION('',(0.47139656096699717,0,-0.8819213583469265));
#1146=DIRECTION('',(0,-1,0));
#1147=FACE_BOUND('',#1148,.T.);
#1148=EDGE_LOOP('',(#1149,#1150,#1151));
#1149=ORIENTED_EDGE('',*,*,#1152,.T.);
#1150=ORIENTED_EDGE('',*,*,#1153,.T.);
#1151=ORIENTED_EDGE('',*,*,#1154,.T.);
#1152=EDGE_CURVE('',#105,#103,#1155,.F.);
#1153=EDGE_CURVE('',#103,#107,#1156,.T.);
#1154=EDGE_CURVE('',#107,#105,#1157,.T.);
#1155=LINE('',#104,#1158);
#1156=LINE('',#102,#1159);
#1157=LINE('',#106,#1160);
#1158=VECTOR('',#1161,1.0);
#1159=VECTOR('',#1162,1.0);
#1160=VECTOR('',#1163,1.0);
#1161=DIRECTION('',(0,-1,0));
#1162=DIRECTION('',(-0.8819213583469265,0,-0.47139656096699717));
#1163=DIRECTION('',(0.23341067937251816,0.964341360999262,0.12476054753386837));
#1164=FACE_SURFACE('',(#1169),#1165,.T.);
#1165=PLANE('',#1166);
#1166=AXIS2_PLACEMENT_3D('',#104,#1167,#1168);
#1167=DIRECTION('',(0.47139656096699717,0,-0.8819213583469265));
#1168=DIRECTION('',(-0.23341067937251816,-0.964341360999262,-0.12476054753386837));
#1169=FACE_BOUND('',#1170,.T.);
#1170=EDGE_LOOP('',(#1171,#1172,#1173));
#1171=ORIENTED_EDGE('',*,*,#1174,.T.);
#1172=ORIENTED_EDGE('',*,*,#1175,.T.);
#1173=ORIENTED_EDGE('',*,*,#1176,.T.);
#1174=EDGE_CURVE('',#105,#107,#1177,.F.);
#1175=EDGE_CURVE('',#107,#109,#1178,.T.);
#1176=EDGE_CURVE('',#109,#105,#1179,.T.);
#1177=LINE('',#104,#1180);
#1178=LINE('',#106,#1181);
#1179=LINE('',#108,#1182);
#1180=VECTOR('',#1183,1.0);
#1181=VECTOR('',#1184,1.0);
#1182=VECTOR('',#1185,1.0);
#1183=DIRECTION('',(-0.23341067937251816,-0.964341360999262,-0.12476054753386837));
#1184=DIRECTION('',(0,1,0));
#1185=DIRECTION('',(0.8819213583469265,0,0.47139656096699717));
#1186=FACE_SURFACE('',(#1191),#1187,.T.);
#1187=PLANE('',#1188);
#1188=AXIS2_PLACEMENT_3D('',#108,#1189,#1190);
#1189=DIRECTION('',(0.2902846576192115,0,-0.9569403416884968));
#1190=DIRECTION('',(0,-1,0));
#1191=FACE_BOUND('',#1192,.T.);
#1192=EDGE_LOOP('',(#1193,#1194,#1195));
#1193=ORIENTED_EDGE('',*,*,#1196,.T.);
#1194=ORIENTED_EDGE('',*,*,#1197,.T.);
#1195=ORIENTED_EDGE('',*,*,#1198,.T.);
#1196=EDGE_CURVE('',#109,#107,#1199,.F.);
#1197=EDGE_CURVE('',#107,#111,#1200,.T.);
#1198=EDGE_CURVE('',#111,#109,#1201,.T.);
#1199=LINE('',#108,#1202);
#1200=LINE('',#106,#1203);
#1201=LINE('',#110,#1204);
#1202=VECTOR('',#1205,1.0);
#1203=VECTOR('',#1206,1.0);
#1204=VECTOR('',#1207,1.0);
#1205=DIRECTION('',(0,-1,0));
#1206=DIRECTION('',(-0.956940341688497,0,-0.2902846576192115));
#1207=DIRECTION('',(0.253265336663291,0.9643413562969912,0.07682719427461411));
#1208=FACE_SURFACE('',(#1213),#1209,.T.);
#1209=PLANE('',#1210);
#1210=AXIS2_PLACEMENT_3D('',#108,#1211,#1212);
#1211=DIRECTION('',(0.2902846576192115,0,-0.9569403416884968));
#1212=DIRECTION('',(-0.253265336663291,-0.9643413562969912,-0.07682719427461411));
#1213=FACE_BOUND('',#1214,.T.);
#1214=EDGE_LOOP('',(#1215,#1216,#1217));
#1215=ORIENTED_EDGE('',*,*,#1218,.T.);
#1216=ORIENTED_EDGE('',*,*,#1219,.T.);
#1217=ORIENTED_EDGE('',*,*,#1220,.T.);
#1218=EDGE_CURVE('',#109,#111,#1221,.F.);
#1219=EDGE_CURVE('',#111,#113,#1222,.T.);
#1220=EDGE_CURVE('',#113,#109,#1223,.T.);
#1221=LINE('',#108,#1224);
#1222=LINE('',#110,#1225);
#1223=LINE('',#112,#1226);
#1224=VECTOR('',#1227,1.0);
#1225=VECTOR('',#1228,1.0);
#1226=VECTOR('',#1229,1.0);
#1227=DIRECTION('',(-0.253265336663291,-0.9643413562969912,-0.07682719427461411));
#1228=DIRECTION('',(0,1,0));
#1229=DIRECTION('',(0.956940341688497,0,0.2902846576192115));
#1230=FACE_SURFACE('',(#1235),#1231,.T.);
#1231=PLANE('',#1232);
#1232=AXIS2_PLACEMENT_3D('',#112,#1233,#1234);
#1233=DIRECTION('',(0.09801737366526019,0,-0.9951847036906086));
#1234=DIRECTION('',(0,-1,0));
#1235=FACE_BOUND('',#1236,.T.);
#1236=EDGE_LOOP('',(#1237,#1238,#1239));
#1237=ORIENTED_EDGE('',*,*,#1240,.T.);
#1238=ORIENTED_EDGE('',*,*,#1241,.T.);
#1239=ORIENTED_EDGE('',*,*,#1242,.T.);
#1240=EDGE_CURVE('',#113,#111,#1243,.F.);
#1241=EDGE_CURVE('',#111,#115,#1244,.T.);
#1242=EDGE_CURVE('',#115,#113,#1245,.T.);
#1243=LINE('',#112,#1246);
#1244=LINE('',#110,#1247);
#1245=LINE('',#114,#1248);
#1246=VECTOR('',#1249,1.0);
#1247=VECTOR('',#1250,1.0);
#1248=VECTOR('',#1251,1.0);
#1249=DIRECTION('',(0,-1,0));
#1250=DIRECTION('',(-0.9951847036906087,0,-0.0980173736652602));
#1251=DIRECTION('',(0.2633871523863345,0.964341355553883,0.025941432618829946));
#1252=FACE_SURFACE('',(#1257),#1253,.T.);
#1253=PLANE('',#1254);
#1254=AXIS2_PLACEMENT_3D('',#112,#1255,#1256);
#1255=DIRECTION('',(0.09801737366526019,0,-0.9951847036906086));
#1256=DIRECTION('',(-0.2633871523863345,-0.964341355553883,-0.025941432618829946));
#1257=FACE_BOUND('',#1258,.T.);
#1258=EDGE_LOOP('',(#1259,#1260,#1261));
#1259=ORIENTED_EDGE('',*,*,#1262,.T.);
#1260=ORIENTED_EDGE('',*,*,#1263,.T.);
#1261=ORIENTED_EDGE('',*,*,#1264,.T.);
#1262=EDGE_CURVE('',#113,#115,#1265,.F.);
#1263=EDGE_CURVE('',#115,#117,#1266,.T.);
#1264=EDGE_CURVE('',#117,#113,#1267,.T.);
#1265=LINE('',#112,#1268);
#1266=LINE('',#114,#1269);
#1267=LINE('',#116,#1270);
#1268=VECTOR('',#1271,1.0);
#1269=VECTOR('',#1272,1.0);
#1270=VECTOR('',#1273,1.0);
#1271=DIRECTION('',(-0.2633871523863345,-0.964341355553883,-0.025941432618829946));
#1272=DIRECTION('',(0,1,0));
#1273=DIRECTION('',(0.9951847036906087,0,0.0980173736652602));
#1274=FACE_SURFACE('',(#1279),#1275,.T.);
#1275=PLANE('',#1276);
#1276=AXIS2_PLACEMENT_3D('',#116,#1277,#1278);
#1277=DIRECTION('',(-0.09801737366526019,-0,-0.9951847036906086));
#1278=DIRECTION('',(0,-1,0));
#1279=FACE_BOUND('',#1280,.T.);
#1280=EDGE_LOOP('',(#1281,#1282,#1283));
#1281=ORIENTED_EDGE('',*,*,#1284,.T.);
#1282=ORIENTED_EDGE('',*,*,#1285,.T.);
#1283=ORIENTED_EDGE('',*,*,#1286,.T.);
#1284=EDGE_CURVE('',#117,#115,#1287,.F.);
#1285=EDGE_CURVE('',#115,#119,#1288,.T.);
#1286=EDGE_CURVE('',#119,#117,#1289,.T.);
#1287=LINE('',#116,#1290);
#1288=LINE('',#114,#1291);
#1289=LINE('',#118,#1292);
#1290=VECTOR('',#1293,1.0);
#1291=VECTOR('',#1294,1.0);
#1292=VECTOR('',#1295,1.0);
#1293=DIRECTION('',(0,-1,0));
#1294=DIRECTION('',(-0.9951847036906087,0,0.0980173736652602));
#1295=DIRECTION('',(0.2633871523863345,0.964341355553883,-0.025941432618829946));
#1296=FACE_SURFACE('',(#1301),#1297,.T.);
#1297=PLANE('',#1298);
#1298=AXIS2_PLACEMENT_3D('',#116,#1299,#1300);
#1299=DIRECTION('',(-0.09801737366526019,0,-0.9951847036906086));
#1300=DIRECTION('',(-0.2633871523863345,-0.964341355553883,0.025941432618829946));
#1301=FACE_BOUND('',#1302,.T.);
#1302=EDGE_LOOP('',(#1303,#1304,#1305));
#1303=ORIENTED_EDGE('',*,*,#1306,.T.);
#1304=ORIENTED_EDGE('',*,*,#1307,.T.);
#1305=ORIENTED_EDGE('',*,*,#1308,.T.);
#1306=EDGE_CURVE('',#117,#119,#1309,.F.);
#1307=EDGE_CURVE('',#119,#121,#1310,.T.);
#1308=EDGE_CURVE('',#121,#117,#1311,.T.);
#1309=LINE('',#116,#1312);
#1310=LINE('',#118,#1313);
#1311=LINE('',#120,#1314);
#1312=VECTOR('',#1315,1.0);
#1313=VECTOR('',#1316,1.0);
#1314=VECTOR('',#1317,1.0);
#1315=DIRECTION('',(-0.2633871523863345,-0.964341355553883,0.025941432618829946));
#1316=DIRECTION('',(0,1,0));
#1317=DIRECTION('',(0.9951847036906087,0,-0.0980173736652602));
#1318=FACE_SURFACE('',(#1323),#1319,.T.);
#1319=PLANE('',#1320);
#1320=AXIS2_PLACEMENT_3D('',#120,#1321,#1322);
#1321=DIRECTION('',(-0.2902846576192115,-0,-0.9569403416884968));
#1322=DIRECTION('',(0,-1,0));
#1323=FACE_BOUND('',#1324,.T.);
#1324=EDGE_LOOP('',(#1325,#1326,#1327));
#1325=ORIENTED_EDGE('',*,*,#1328,.T.);
#1326=ORIENTED_EDGE('',*,*,#1329,.T.);
#1327=ORIENTED_EDGE('',*,*,#1330,.T.);
#1328=EDGE_CURVE('',#121,#119,#1331,.F.);
#1329=EDGE_CURVE('',#119,#123,#1332,.T.);
#1330=EDGE_CURVE('',#123,#121,#1333,.T.);
#1331=LINE('',#120,#1334);
#1332=LINE('',#118,#1335);
#1333=LINE('',#122,#1336);
#1334=VECTOR('',#1337,1.0);
#1335=VECTOR('',#1338,1.0);
#1336=VECTOR('',#1339,1.0);
#1337=DIRECTION('',(0,-1,0));
#1338=DIRECTION('',(-0.956940341688497,0,0.2902846576192115));
#1339=DIRECTION('',(0.253265336663291,0.9643413562969912,-0.07682719427461411));
#1340=FACE_SURFACE('',(#1345),#1341,.T.);
#1341=PLANE('',#1342);
#1342=AXIS2_PLACEMENT_3D('',#120,#1343,#1344);
#1343=DIRECTION('',(-0.2902846576192115,0,-0.9569403416884968));
#1344=DIRECTION('',(-0.253265336663291,-0.9643413562969912,0.07682719427461411));
#1345=FACE_BOUND('',#1346,.T.);
#1346=EDGE_LOOP('',(#1347,#1348,#1349));
#1347=ORIENTED_EDGE('',*,*,#1350,.T.);
#1348=ORIENTED_EDGE('',*,*,#1351,.T.);
#1349=ORIENTED_EDGE('',*,*,#1352,.T.);
#1350=EDGE_CURVE('',#121,#123,#1353,.F.);
#1351=EDGE_CURVE('',#123,#125,#1354,.T.);
#1352=EDGE_CURVE('',#125,#121,#1355,.T.);
#1353=LINE('',#120,#1356);
#1354=LINE('',#122,#1357);
#1355=LINE('',#124,#1358);
#1356=VECTOR('',#1359,1.0);
#1357=VECTOR('',#1360,1.0);
#1358=VECTOR('',#1361,1.0);
#1359=DIRECTION('',(-0.253265336663291,-0.9643413562969912,0.07682719427461411));
#1360=DIRECTION('',(0,1,0));
#1361=DIRECTION('',(0.956940341688497,0,-0.2902846576192115));
#1362=FACE_SURFACE('',(#1367),#1363,.T.);
#1363=PLANE('',#1364);
#1364=AXIS2_PLACEMENT_3D('',#124,#1365,#1366);
#1365=DIRECTION('',(-0.47139656096699717,-0,-0.8819213583469265));
#1366=DIRECTION('',(0,-1,0));
#1367=FACE_BOUND('',#1368,.T.);
#1368=EDGE_LOOP('',(#1369,#1370,#1371));
#1369=ORIENTED_EDGE('',*,*,#1372,.T.);
#1370=ORIENTED_EDGE('',*,*,#1373,.T.);
#1371=ORIENTED_EDGE('',*,*,#1374,.T.);
#1372=EDGE_CURVE('',#125,#123,#1375,.F.);
#1373=EDGE_CURVE('',#123,#127,#1376,.T.);
#1374=EDGE_CURVE('',#127,#125,#1377,.T.);
#1375=LINE('',#124,#1378);
#1376=LINE('',#122,#1379);
#1377=LINE('',#126,#1380);
#1378=VECTOR('',#1381,1.0);
#1379=VECTOR('',#1382,1.0);
#1380=VECTOR('',#1383,1.0);
#1381=DIRECTION('',(0,-1,0));
#1382=DIRECTION('',(-0.8819213583469265,0,0.47139656096699717));
#1383=DIRECTION('',(0.23341067937251816,0.964341360999262,-0.12476054753386837));
#1384=FACE_SURFACE('',(#1389),#1385,.T.);
#1385=PLANE('',#1386);
#1386=AXIS2_PLACEMENT_3D('',#124,#1387,#1388);
#1387=DIRECTION('',(-0.47139656096699717,0,-0.8819213583469265));
#1388=DIRECTION('',(-0.23341067937251816,-0.964341360999262,0.12476054753386837));
#1389=FACE_BOUND('',#1390,.T.);
#1390=EDGE_LOOP('',(#1391,#1392,#1393));
#1391=ORIENTED_EDGE('',*,*,#1394,.T.);
#1392=ORIENTED_EDGE('',*,*,#1395,.T.);
#1393=ORIENTED_EDGE('',*,*,#1396,.T.);
#1394=EDGE_CURVE('',#125,#127,#1397,.F.);
#1395=EDGE_CURVE('',#127,#129,#1398,.T.);
#1396=EDGE_CURVE('',#129,#125,#1399,.T.);
#1397=LINE('',#124,#1400);
#1398=LINE('',#126,#1401);
#1399=LINE('',#128,#1402);
#1400=VECTOR('',#1403,1.0);
#1401=VECTOR('',#1404,1.0);
#1402=VECTOR('',#1405,1.0);
#1403=DIRECTION('',(-0.23341067937251816,-0.964341360999262,0.12476054753386837));
#1404=DIRECTION('',(0,1,0));
#1405=DIRECTION('',(0.8819213583469265,0,-0.47139656096699717));
#1406=FACE_SURFACE('',(#1411),#1407,.T.);
#1407=PLANE('',#1408);
#1408=AXIS2_PLACEMENT_3D('',#128,#1409,#1410);
#1409=DIRECTION('',(-0.6343932561325593,-0,-0.7730104763672541));
#1410=DIRECTION('',(0,-1,0));
#1411=FACE_BOUND('',#1412,.T.);
#1412=EDGE_LOOP('',(#1413,#1414,#1415));
#1413=ORIENTED_EDGE('',*,*,#1416,.T.);
#1414=ORIENTED_EDGE('',*,*,#1417,.T.);
#1415=ORIENTED_EDGE('',*,*,#1418,.T.);
#1416=EDGE_CURVE('',#129,#127,#1419,.F.);
#1417=EDGE_CURVE('',#127,#131,#1420,.T.);
#1418=EDGE_CURVE('',#131,#129,#1421,.T.);
#1419=LINE('',#128,#1422);
#1420=LINE('',#126,#1423);
#1421=LINE('',#130,#1424);
#1422=VECTOR('',#1425,1.0);
#1423=VECTOR('',#1426,1.0);
#1424=VECTOR('',#1427,1.0);
#1425=DIRECTION('',(0,-1,0));
#1426=DIRECTION('',(-0.7730104763672541,0,0.6343932561325593));
#1427=DIRECTION('',(0.20458613605377685,0.96434136802153,-0.16789949034154164));
#1428=FACE_SURFACE('',(#1433),#1429,.T.);
#1429=PLANE('',#1430);
#1430=AXIS2_PLACEMENT_3D('',#128,#1431,#1432);
#1431=DIRECTION('',(-0.6343932561325593,0,-0.7730104763672541));
#1432=DIRECTION('',(-0.20458613605377685,-0.96434136802153,0.16789949034154164));
#1433=FACE_BOUND('',#1434,.T.);
#1434=EDGE_LOOP('',(#1435,#1436,#1437));
#1435=ORIENTED_EDGE('',*,*,#1438,.T.);
#1436=ORIENTED_EDGE('',*,*,#1439,.T.);
#1437=ORIENTED_EDGE('',*,*,#1440,.T.);
#1438=EDGE_CURVE('',#129,#131,#1441,.F.);
#1439=EDGE_CURVE('',#131,#133,#1442,.T.);
#1440=EDGE_CURVE('',#133,#129,#1443,.T.);
#1441=LINE('',#128,#1444);
#1442=LINE('',#130,#1445);
#1443=LINE('',#132,#1446);
#1444=VECTOR('',#1447,1.0);
#1445=VECTOR('',#1448,1.0);
#1446=VECTOR('',#1449,1.0);
#1447=DIRECTION('',(-0.20458613605377685,-0.96434136802153,0.16789949034154164));
#1448=DIRECTION('',(0,1,0));
#1449=DIRECTION('',(0.7730104763672541,0,-0.6343932561325593));
#1450=FACE_SURFACE('',(#1455),#1451,.T.);
#1451=PLANE('',#1452);
#1452=AXIS2_PLACEMENT_3D('',#132,#1453,#1454);
#1453=DIRECTION('',(-0.7730104763672541,-0,-0.6343932561325593));
#1454=DIRECTION('',(0,-1,0));
#1455=FACE_BOUND('',#1456,.T.);
#1456=EDGE_LOOP('',(#1457,#1458,#1459));
#1457=ORIENTED_EDGE('',*,*,#1460,.T.);
#1458=ORIENTED_EDGE('',*,*,#1461,.T.);
#1459=ORIENTED_EDGE('',*,*,#1462,.T.);
#1460=EDGE_CURVE('',#133,#131,#1463,.F.);
#1461=EDGE_CURVE('',#131,#135,#1464,.T.);
#1462=EDGE_CURVE('',#135,#133,#1465,.T.);
#1463=LINE('',#132,#1466);
#1464=LINE('',#130,#1467);
#1465=LINE('',#134,#1468);
#1466=VECTOR('',#1469,1.0);
#1467=VECTOR('',#1470,1.0);
#1468=VECTOR('',#1471,1.0);
#1469=DIRECTION('',(0,-1,0));
#1470=DIRECTION('',(-0.6343932561325593,0,0.7730104763672541));
#1471=DIRECTION('',(0.16789949034154164,0.96434136802153,-0.20458613605377685));
#1472=FACE_SURFACE('',(#1477),#1473,.T.);
#1473=PLANE('',#1474);
#1474=AXIS2_PLACEMENT_3D('',#132,#1475,#1476);
#1475=DIRECTION('',(-0.7730104763672541,0,-0.6343932561325593));
#1476=DIRECTION('',(-0.16789949034154164,-0.96434136802153,0.20458613605377685));
#1477=FACE_BOUND('',#1478,.T.);
#1478=EDGE_LOOP('',(#1479,#1480,#1481));
#1479=ORIENTED_EDGE('',*,*,#1482,.T.);
#1480=ORIENTED_EDGE('',*,*,#1483,.T.);
#1481=ORIENTED_EDGE('',*,*,#1484,.T.);
#1482=EDGE_CURVE('',#133,#135,#1485,.F.);
#1483=EDGE_CURVE('',#135,#137,#1486,.T.);
#1484=EDGE_CURVE('',#137,#133,#1487,.T.);
#1485=LINE('',#132,#1488);
#1486=LINE('',#134,#1489);
#1487=LINE('',#136,#1490);
#1488=VECTOR('',#1491,1.0);
#1489=VECTOR('',#1492,1.0);
#1490=VECTOR('',#1493,1.0);
#1491=DIRECTION('',(-0.16789949034154164,-0.96434136802153,0.20458613605377685));
#1492=DIRECTION('',(0,1,0));
#1493=DIRECTION('',(0.6343932561325593,0,-0.7730104763672541));
#1494=FACE_SURFACE('',(#1499),#1495,.T.);
#1495=PLANE('',#1496);
#1496=AXIS2_PLACEMENT_3D('',#136,#1497,#1498);
#1497=DIRECTION('',(-0.8819213583469265,-0,-0.47139656096699717));
#1498=DIRECTION('',(0,-1,0));
#1499=FACE_BOUND('',#1500,.T.);
#1500=EDGE_LOOP('',(#1501,#1502,#1503));
#1501=ORIENTED_EDGE('',*,*,#1504,.T.);
#1502=ORIENTED_EDGE('',*,*,#1505,.T.);
#1503=ORIENTED_EDGE('',*,*,#1506,.T.);
#1504=EDGE_CURVE('',#137,#135,#1507,.F.);
#1505=EDGE_CURVE('',#135,#139,#1508,.T.);
#1506=EDGE_CURVE('',#139,#137,#1509,.T.);
#1507=LINE('',#136,#1510);
#1508=LINE('',#134,#1511);
#1509=LINE('',#138,#1512);
#1510=VECTOR('',#1513,1.0);
#1511=VECTOR('',#1514,1.0);
#1512=VECTOR('',#1515,1.0);
#1513=DIRECTION('',(0,-1,0));
#1514=DIRECTION('',(-0.47139656096699006,-1.7374409120820108E-07,0.8819213583469133));
#1515=DIRECTION('',(0.1247605420015272,0.9643413642202017,-0.23341066902223087));
#1516=FACE_SURFACE('',(#1521),#1517,.T.);
#1517=PLANE('',#1518);
#1518=AXIS2_PLACEMENT_3D('',#136,#1519,#1520);
#1519=DIRECTION('',(-0.8819213583469265,0,-0.47139656096699717));
#1520=DIRECTION('',(-0.1247605420015272,-0.9643413642202017,0.23341066902223087));
#1521=FACE_BOUND('',#1522,.T.);
#1522=EDGE_LOOP('',(#1523,#1524,#1525));
#1523=ORIENTED_EDGE('',*,*,#1526,.T.);
#1524=ORIENTED_EDGE('',*,*,#1527,.T.);
#1525=ORIENTED_EDGE('',*,*,#1528,.T.);
#1526=EDGE_CURVE('',#137,#139,#1529,.F.);
#1527=EDGE_CURVE('',#139,#141,#1530,.T.);
#1528=EDGE_CURVE('',#141,#137,#1531,.T.);
#1529=LINE('',#136,#1532);
#1530=LINE('',#138,#1533);
#1531=LINE('',#140,#1534);
#1532=VECTOR('',#1535,1.0);
#1533=VECTOR('',#1536,1.0);
#1534=VECTOR('',#1537,1.0);
#1535=DIRECTION('',(-0.1247605420015272,-0.9643413642202017,0.23341066902223087));
#1536=DIRECTION('',(0,1,0));
#1537=DIRECTION('',(0.47139656096699717,0,-0.8819213583469265));
#1538=FACE_SURFACE('',(#1543),#1539,.T.);
#1539=PLANE('',#1540);
#1540=AXIS2_PLACEMENT_3D('',#140,#1541,#1542);
#1541=DIRECTION('',(-0.9569403270479168,-0,-0.29028470588273547));
#1542=DIRECTION('',(0,-1,0));
#1543=FACE_BOUND('',#1544,.T.);
#1544=EDGE_LOOP('',(#1545,#1546,#1547));
#1545=ORIENTED_EDGE('',*,*,#1548,.T.);
#1546=ORIENTED_EDGE('',*,*,#1549,.T.);
#1547=ORIENTED_EDGE('',*,*,#1550,.T.);
#1548=EDGE_CURVE('',#141,#139,#1551,.F.);
#1549=EDGE_CURVE('',#139,#143,#1552,.T.);
#1550=EDGE_CURVE('',#143,#141,#1553,.T.);
#1551=LINE('',#140,#1554);
#1552=LINE('',#138,#1555);
#1553=LINE('',#142,#1556);
#1554=VECTOR('',#1557,1.0);
#1555=VECTOR('',#1558,1.0);
#1556=VECTOR('',#1559,1.0);
#1557=DIRECTION('',(0,-1,0));
#1558=DIRECTION('',(-0.29028470588273547,0,0.9569403270479168));
#1559=DIRECTION('',(0.07682719176254307,0.9643413707486457,-0.2532652823987221));
#1560=FACE_SURFACE('',(#1565),#1561,.T.);
#1561=PLANE('',#1562);
#1562=AXIS2_PLACEMENT_3D('',#140,#1563,#1564);
#1563=DIRECTION('',(-0.9569403563290694,2.7683697639055512E-08,-0.2902846093557027));
#1564=DIRECTION('',(-0.07682719176254307,-0.9643413707486457,0.2532652823987221));
#1565=FACE_BOUND('',#1566,.T.);
#1566=EDGE_LOOP('',(#1567,#1568,#1569));
#1567=ORIENTED_EDGE('',*,*,#1570,.T.);
#1568=ORIENTED_EDGE('',*,*,#1571,.T.);
#1569=ORIENTED_EDGE('',*,*,#1572,.T.);
#1570=EDGE_CURVE('',#141,#143,#1573,.F.);
#1571=EDGE_CURVE('',#143,#145,#1574,.T.);
#1572=EDGE_CURVE('',#145,#141,#1575,.T.);
#1573=LINE('',#140,#1576);
#1574=LINE('',#142,#1577);
#1575=LINE('',#144,#1578);
#1576=VECTOR('',#1579,1.0);
#1577=VECTOR('',#1580,1.0);
#1578=VECTOR('',#1581,1.0);
#1579=DIRECTION('',(-0.07682719176254307,-0.9643413707486457,0.2532652823987221));
#1580=DIRECTION('',(0,0.9999999999999953,9.536743164062456E-08));
#1581=DIRECTION('',(0.2902846093557028,0,-0.9569403563290697));
#1582=FACE_SURFACE('',(#1587),#1583,.T.);
#1583=PLANE('',#1584);
#1584=AXIS2_PLACEMENT_3D('',#144,#1585,#1586);
#1585=DIRECTION('',(-0.995184705359838,9.347663566334645E-09,-0.09801735671732915));
#1586=DIRECTION('',(0,-0.9999999999999953,-9.536743164062456E-08));
#1587=FACE_BOUND('',#1588,.T.);
#1588=EDGE_LOOP('',(#1589,#1590,#1591));
#1589=ORIENTED_EDGE('',*,*,#1592,.T.);
#1590=ORIENTED_EDGE('',*,*,#1593,.T.);
#1591=ORIENTED_EDGE('',*,*,#1594,.T.);
#1592=EDGE_CURVE('',#145,#143,#1595,.F.);
#1593=EDGE_CURVE('',#143,#147,#1596,.T.);
#1594=EDGE_CURVE('',#147,#145,#1597,.T.);
#1595=LINE('',#144,#1598);
#1596=LINE('',#142,#1599);
#1597=LINE('',#146,#1600);
#1598=VECTOR('',#1601,1.0);
#1599=VECTOR('',#1602,1.0);
#1600=VECTOR('',#1603,1.0);
#1601=DIRECTION('',(0,-0.9999999999999953,-9.536743164062456E-08));
#1602=DIRECTION('',(-0.09801735671732917,0,0.9951847053598382));
#1603=DIRECTION('',(0.025941431782679335,0.9643413704543761,-0.2633870979133954));
#1604=FACE_SURFACE('',(#1609),#1605,.T.);
#1605=PLANE('',#1606);
#1606=AXIS2_PLACEMENT_3D('',#144,#1607,#1608);
#1607=DIRECTION('',(-0.9951847020213785,0,-0.09801739061319704));
#1608=DIRECTION('',(-0.025941431782679335,-0.9643413704543761,0.2633870979133954));
#1609=FACE_BOUND('',#1610,.T.);
#1610=EDGE_LOOP('',(#1611,#1612,#1613));
#1611=ORIENTED_EDGE('',*,*,#1614,.T.);
#1612=ORIENTED_EDGE('',*,*,#1615,.T.);
#1613=ORIENTED_EDGE('',*,*,#1616,.T.);
#1614=EDGE_CURVE('',#145,#147,#1617,.F.);
#1615=EDGE_CURVE('',#147,#149,#1618,.T.);
#1616=EDGE_CURVE('',#149,#145,#1619,.T.);
#1617=LINE('',#144,#1620);
#1618=LINE('',#146,#1621);
#1619=LINE('',#148,#1622);
#1620=VECTOR('',#1623,1.0);
#1621=VECTOR('',#1624,1.0);
#1622=VECTOR('',#1625,1.0);
#1623=DIRECTION('',(-0.025941431782679335,-0.9643413704543761,0.2633870979133954));
#1624=DIRECTION('',(0,1,0));
#1625=DIRECTION('',(0.09801739061319704,0,-0.9951847020213785));
#1626=FACE_SURFACE('',(#1631),#1627,.T.);
#1627=PLANE('',#1628);
#1628=AXIS2_PLACEMENT_3D('',#148,#1629,#1630);
#1629=DIRECTION('',(-0.9951847020213785,0,0.09801739061319704));
#1630=DIRECTION('',(0,-1,0));
#1631=FACE_BOUND('',#1632,.T.);
#1632=EDGE_LOOP('',(#1633,#1634,#1635));
#1633=ORIENTED_EDGE('',*,*,#1636,.T.);
#1634=ORIENTED_EDGE('',*,*,#1637,.T.);
#1635=ORIENTED_EDGE('',*,*,#1638,.T.);
#1636=EDGE_CURVE('',#149,#147,#1639,.F.);
#1637=EDGE_CURVE('',#147,#151,#1640,.T.);
#1638=EDGE_CURVE('',#151,#149,#1641,.T.);
#1639=LINE('',#148,#1642);
#1640=LINE('',#146,#1643);
#1641=LINE('',#150,#1644);
#1642=VECTOR('',#1645,1.0);
#1643=VECTOR('',#1646,1.0);
#1644=VECTOR('',#1647,1.0);
#1645=DIRECTION('',(0,-1,0));
#1646=DIRECTION('',(0.09801739061319704,0,0.9951847020213785));
#1647=DIRECTION('',(-0.025941431782679335,0.9643413704543761,-0.2633870979133954));
#1648=FACE_SURFACE('',(#1653),#1649,.T.);
#1649=PLANE('',#1650);
#1650=AXIS2_PLACEMENT_3D('',#148,#1651,#1652);
#1651=DIRECTION('',(-0.995184705359838,-9.347663566334645E-09,0.09801735671732915));
#1652=DIRECTION('',(0.025941431782679335,-0.9643413704543761,0.2633870979133954));
#1653=FACE_BOUND('',#1654,.T.);
#1654=EDGE_LOOP('',(#1655,#1656,#1657));
#1655=ORIENTED_EDGE('',*,*,#1658,.T.);
#1656=ORIENTED_EDGE('',*,*,#1659,.T.);
#1657=ORIENTED_EDGE('',*,*,#1660,.T.);
#1658=EDGE_CURVE('',#149,#151,#1661,.F.);
#1659=EDGE_CURVE('',#151,#153,#1662,.T.);
#1660=EDGE_CURVE('',#153,#149,#1663,.T.);
#1661=LINE('',#148,#1664);
#1662=LINE('',#150,#1665);
#1663=LINE('',#152,#1666);
#1664=VECTOR('',#1667,1.0);
#1665=VECTOR('',#1668,1.0);
#1666=VECTOR('',#1669,1.0);
#1667=DIRECTION('',(0.025941431782679335,-0.9643413704543761,0.2633870979133954));
#1668=DIRECTION('',(0,0.9999999999999953,9.536743164062456E-08));
#1669=DIRECTION('',(-0.09801735671732917,0,-0.9951847053598382));
#1670=FACE_SURFACE('',(#1675),#1671,.T.);
#1671=PLANE('',#1672);
#1672=AXIS2_PLACEMENT_3D('',#152,#1673,#1674);
#1673=DIRECTION('',(-0.956940370969635,-2.7683693036290114E-08,0.2902845610922094));
#1674=DIRECTION('',(0,-0.9999999999999953,-9.536743164062456E-08));
#1675=FACE_BOUND('',#1676,.T.);
#1676=EDGE_LOOP('',(#1677,#1678,#1679));
#1677=ORIENTED_EDGE('',*,*,#1680,.T.);
#1678=ORIENTED_EDGE('',*,*,#1681,.T.);
#1679=ORIENTED_EDGE('',*,*,#1682,.T.);
#1680=EDGE_CURVE('',#153,#151,#1683,.F.);
#1681=EDGE_CURVE('',#151,#155,#1684,.T.);
#1682=EDGE_CURVE('',#155,#153,#1685,.T.);
#1683=LINE('',#152,#1686);
#1684=LINE('',#150,#1687);
#1685=LINE('',#154,#1688);
#1686=VECTOR('',#1689,1.0);
#1687=VECTOR('',#1690,1.0);
#1688=VECTOR('',#1691,1.0);
#1689=DIRECTION('',(0,-0.9999999999999953,-9.536743164062456E-08));
#1690=DIRECTION('',(0.2902845610922095,0,0.9569403709696352));
#1691=DIRECTION('',(-0.07682719086781402,0.9643413595179314,-0.25326532543257535));
#1692=FACE_SURFACE('',(#1697),#1693,.T.);
#1693=PLANE('',#1694);
#1694=AXIS2_PLACEMENT_3D('',#152,#1695,#1696);
#1695=DIRECTION('',(-0.956940341688497,0,0.2902846576192115));
#1696=DIRECTION('',(0.07682719086781402,-0.9643413595179314,0.25326532543257535));
#1697=FACE_BOUND('',#1698,.T.);
#1698=EDGE_LOOP('',(#1699,#1700,#1701));
#1699=ORIENTED_EDGE('',*,*,#1702,.T.);
#1700=ORIENTED_EDGE('',*,*,#1703,.T.);
#1701=ORIENTED_EDGE('',*,*,#1704,.T.);
#1702=EDGE_CURVE('',#153,#155,#1705,.F.);
#1703=EDGE_CURVE('',#155,#157,#1706,.T.);
#1704=EDGE_CURVE('',#157,#153,#1707,.T.);
#1705=LINE('',#152,#1708);
#1706=LINE('',#154,#1709);
#1707=LINE('',#156,#1710);
#1708=VECTOR('',#1711,1.0);
#1709=VECTOR('',#1712,1.0);
#1710=VECTOR('',#1713,1.0);
#1711=DIRECTION('',(0.07682719086781402,-0.9643413595179314,0.25326532543257535));
#1712=DIRECTION('',(0,1,0));
#1713=DIRECTION('',(-0.2902846576192115,0,-0.956940341688497));
#1714=FACE_SURFACE('',(#1719),#1715,.T.);
#1715=PLANE('',#1716);
#1716=AXIS2_PLACEMENT_3D('',#156,#1717,#1718);
#1717=DIRECTION('',(-0.8819213969554118,0,0.47139648873555984));
#1718=DIRECTION('',(0,-1,0));
#1719=FACE_BOUND('',#1720,.T.);
#1720=EDGE_LOOP('',(#1721,#1722,#1723));
#1721=ORIENTED_EDGE('',*,*,#1724,.T.);
#1722=ORIENTED_EDGE('',*,*,#1725,.T.);
#1723=ORIENTED_EDGE('',*,*,#1726,.T.);
#1724=EDGE_CURVE('',#157,#155,#1727,.F.);
#1725=EDGE_CURVE('',#155,#159,#1728,.T.);
#1726=EDGE_CURVE('',#159,#157,#1729,.T.);
#1727=LINE('',#156,#1730);
#1728=LINE('',#154,#1731);
#1729=LINE('',#158,#1732);
#1730=VECTOR('',#1733,1.0);
#1731=VECTOR('',#1734,1.0);
#1732=VECTOR('',#1735,1.0);
#1733=DIRECTION('',(0,-1,0));
#1734=DIRECTION('',(0.47139648873555273,-1.7374406458563637E-07,0.8819213969553985));
#1735=DIRECTION('',(-0.12476053513013027,0.9643413570908543,-0.23341070215012227));
#1736=FACE_SURFACE('',(#1741),#1737,.T.);
#1737=PLANE('',#1738);
#1738=AXIS2_PLACEMENT_3D('',#156,#1739,#1740);
#1739=DIRECTION('',(-0.8819213969554118,0,0.47139648873555984));
#1740=DIRECTION('',(0.12476053513013027,-0.9643413570908543,0.23341070215012227));
#1741=FACE_BOUND('',#1742,.T.);
#1742=EDGE_LOOP('',(#1743,#1744,#1745));
#1743=ORIENTED_EDGE('',*,*,#1746,.T.);
#1744=ORIENTED_EDGE('',*,*,#1747,.T.);
#1745=ORIENTED_EDGE('',*,*,#1748,.T.);
#1746=EDGE_CURVE('',#157,#159,#1749,.F.);
#1747=EDGE_CURVE('',#159,#161,#1750,.T.);
#1748=EDGE_CURVE('',#161,#157,#1751,.T.);
#1749=LINE('',#156,#1752);
#1750=LINE('',#158,#1753);
#1751=LINE('',#160,#1754);
#1752=VECTOR('',#1755,1.0);
#1753=VECTOR('',#1756,1.0);
#1754=VECTOR('',#1757,1.0);
#1755=DIRECTION('',(0.12476053513013027,-0.9643413570908543,0.23341070215012227));
#1756=DIRECTION('',(0,1,0));
#1757=DIRECTION('',(-0.47139648873555984,0,-0.8819213969554118));
#1758=FACE_SURFACE('',(#1763),#1759,.T.);
#1759=PLANE('',#1760);
#1760=AXIS2_PLACEMENT_3D('',#160,#1761,#1762);
#1761=DIRECTION('',(-0.7730101966704234,0,0.6343935969440057));
#1762=DIRECTION('',(0,-1,0));
#1763=FACE_BOUND('',#1764,.T.);
#1764=EDGE_LOOP('',(#1765,#1766,#1767));
#1765=ORIENTED_EDGE('',*,*,#1768,.T.);
#1766=ORIENTED_EDGE('',*,*,#1769,.T.);
#1767=ORIENTED_EDGE('',*,*,#1770,.T.);
#1768=EDGE_CURVE('',#161,#159,#1771,.F.);
#1769=EDGE_CURVE('',#159,#163,#1772,.T.);
#1770=EDGE_CURVE('',#163,#161,#1773,.T.);
#1771=LINE('',#160,#1774);
#1772=LINE('',#158,#1775);
#1773=LINE('',#162,#1776);
#1774=VECTOR('',#1777,1.0);
#1775=VECTOR('',#1778,1.0);
#1776=VECTOR('',#1779,1.0);
#1777=DIRECTION('',(0,-1,0));
#1778=DIRECTION('',(0.6343935969440057,0,0.7730101966704234));
#1779=DIRECTION('',(-0.1678994817690768,0.9643414107517939,-0.20458594167467908));
#1780=FACE_SURFACE('',(#1785),#1781,.T.);
#1781=PLANE('',#1782);
#1782=AXIS2_PLACEMENT_3D('',#160,#1783,#1784);
#1783=DIRECTION('',(-0.7730101966704234,0,0.6343935969440057));
#1784=DIRECTION('',(0.1678994817690768,-0.9643414107517939,0.20458594167467908));
#1785=FACE_BOUND('',#1786,.T.);
#1786=EDGE_LOOP('',(#1787,#1788,#1789));
#1787=ORIENTED_EDGE('',*,*,#1790,.T.);
#1788=ORIENTED_EDGE('',*,*,#1791,.T.);
#1789=ORIENTED_EDGE('',*,*,#1792,.T.);
#1790=EDGE_CURVE('',#161,#163,#1793,.F.);
#1791=EDGE_CURVE('',#163,#165,#1794,.T.);
#1792=EDGE_CURVE('',#165,#161,#1795,.T.);
#1793=LINE('',#160,#1796);
#1794=LINE('',#162,#1797);
#1795=LINE('',#164,#1798);
#1796=VECTOR('',#1799,1.0);
#1797=VECTOR('',#1800,1.0);
#1798=VECTOR('',#1801,1.0);
#1799=DIRECTION('',(0.1678994817690768,-0.9643414107517939,0.20458594167467908));
#1800=DIRECTION('',(0,1,0));
#1801=DIRECTION('',(-0.6343935969440057,0,-0.7730101966704234));
#1802=FACE_SURFACE('',(#1807),#1803,.T.);
#1803=PLANE('',#1804);
#1804=AXIS2_PLACEMENT_3D('',#164,#1805,#1806);
#1805=DIRECTION('',(-0.6343936714121163,0,0.7730101355559679));
#1806=DIRECTION('',(0,-1,0));
#1807=FACE_BOUND('',#1808,.T.);
#1808=EDGE_LOOP('',(#1809,#1810,#1811));
#1809=ORIENTED_EDGE('',*,*,#1812,.T.);
#1810=ORIENTED_EDGE('',*,*,#1813,.T.);
#1811=ORIENTED_EDGE('',*,*,#1814,.T.);
#1812=EDGE_CURVE('',#165,#163,#1815,.F.);
#1813=EDGE_CURVE('',#163,#167,#1816,.T.);
#1814=EDGE_CURVE('',#167,#165,#1817,.T.);
#1815=LINE('',#164,#1818);
#1816=LINE('',#162,#1819);
#1817=LINE('',#166,#1820);
#1818=VECTOR('',#1821,1.0);
#1819=VECTOR('',#1822,1.0);
#1820=VECTOR('',#1823,1.0);
#1821=DIRECTION('',(0,-1,0));
#1822=DIRECTION('',(0.7730101355559679,0,0.6343936714121163));
#1823=DIRECTION('',(-0.2045861115914739,0.9643413446822747,-0.16789965419935568));
#1824=FACE_SURFACE('',(#1829),#1825,.T.);
#1825=PLANE('',#1826);
#1826=AXIS2_PLACEMENT_3D('',#164,#1827,#1828);
#1827=DIRECTION('',(-0.6343936714121163,0,0.7730101355559679));
#1828=DIRECTION('',(0.2045861115914739,-0.9643413446822747,0.16789965419935568));
#1829=FACE_BOUND('',#1830,.T.);
#1830=EDGE_LOOP('',(#1831,#1832,#1833));
#1831=ORIENTED_EDGE('',*,*,#1834,.T.);
#1832=ORIENTED_EDGE('',*,*,#1835,.T.);
#1833=ORIENTED_EDGE('',*,*,#1836,.T.);
#1834=EDGE_CURVE('',#165,#167,#1837,.F.);
#1835=EDGE_CURVE('',#167,#169,#1838,.T.);
#1836=EDGE_CURVE('',#169,#165,#1839,.T.);
#1837=LINE('',#164,#1840);
#1838=LINE('',#166,#1841);
#1839=LINE('',#168,#1842);
#1840=VECTOR('',#1843,1.0);
#1841=VECTOR('',#1844,1.0);
#1842=VECTOR('',#1845,1.0);
#1843=DIRECTION('',(0.2045861115914739,-0.9643413446822747,0.16789965419935568));
#1844=DIRECTION('',(0,1,0));
#1845=DIRECTION('',(-0.7730101355559679,0,-0.6343936714121163));
#1846=FACE_SURFACE('',(#1851),#1847,.T.);
#1847=PLANE('',#1848);
#1848=AXIS2_PLACEMENT_3D('',#168,#1849,#1850);
#1849=DIRECTION('',(-0.47139629069573674,0,0.8819215028098025));
#1850=DIRECTION('',(0,-1,0));
#1851=FACE_BOUND('',#1852,.T.);
#1852=EDGE_LOOP('',(#1853,#1854,#1855));
#1853=ORIENTED_EDGE('',*,*,#1856,.T.);
#1854=ORIENTED_EDGE('',*,*,#1857,.T.);
#1855=ORIENTED_EDGE('',*,*,#1858,.T.);
#1856=EDGE_CURVE('',#169,#167,#1859,.F.);
#1857=EDGE_CURVE('',#167,#171,#1860,.T.);
#1858=EDGE_CURVE('',#171,#169,#1861,.T.);
#1859=LINE('',#168,#1862);
#1860=LINE('',#166,#1863);
#1861=LINE('',#170,#1864);
#1862=VECTOR('',#1865,1.0);
#1863=VECTOR('',#1866,1.0);
#1864=VECTOR('',#1867,1.0);
#1865=DIRECTION('',(0,-1,0));
#1866=DIRECTION('',(0.8819215028098024,0,0.4713962906957367));
#1867=DIRECTION('',(-0.2334106613500558,0.9643413785058181,-0.12476044593391006));
#1868=FACE_SURFACE('',(#1873),#1869,.T.);
#1869=PLANE('',#1870);
#1870=AXIS2_PLACEMENT_3D('',#168,#1871,#1872);
#1871=DIRECTION('',(-0.47139629069573674,0,0.8819215028098025));
#1872=DIRECTION('',(0.2334106613500558,-0.9643413785058181,0.12476044593391006));
#1873=FACE_BOUND('',#1874,.T.);
#1874=EDGE_LOOP('',(#1875,#1876,#1877));
#1875=ORIENTED_EDGE('',*,*,#1878,.T.);
#1876=ORIENTED_EDGE('',*,*,#1879,.T.);
#1877=ORIENTED_EDGE('',*,*,#1880,.T.);
#1878=EDGE_CURVE('',#169,#171,#1881,.F.);
#1879=EDGE_CURVE('',#171,#173,#1882,.T.);
#1880=EDGE_CURVE('',#173,#169,#1883,.T.);
#1881=LINE('',#168,#1884);
#1882=LINE('',#170,#1885);
#1883=LINE('',#172,#1886);
#1884=VECTOR('',#1887,1.0);
#1885=VECTOR('',#1888,1.0);
#1886=VECTOR('',#1889,1.0);
#1887=DIRECTION('',(0.2334106613500558,-0.9643413785058181,0.12476044593391006));
#1888=DIRECTION('',(0,1,0));
#1889=DIRECTION('',(-0.8819215028098024,0,-0.4713962906957367));
#1890=FACE_SURFACE('',(#1895),#1891,.T.);
#1891=PLANE('',#1892);
#1892=AXIS2_PLACEMENT_3D('',#58,#1893,#1894);
#1893=DIRECTION('',(0,-1,0));
#1894=DIRECTION('',(-0.956940341688497,0,0.2902846576192115));
#1895=FACE_BOUND('',#1896,.T.);
#1896=EDGE_LOOP('',(#1897,#1898,#1899));
#1897=ORIENTED_EDGE('',*,*,#1900,.T.);
#1898=ORIENTED_EDGE('',*,*,#1901,.T.);
#1899=ORIENTED_EDGE('',*,*,#1902,.T.);
#1900=EDGE_CURVE('',#59,#55,#1903,.F.);
#1901=EDGE_CURVE('',#55,#53,#1904,.T.);
#1902=EDGE_CURVE('',#53,#59,#1905,.T.);
#1903=LINE('',#58,#1906);
#1904=LINE('',#54,#1907);
#1905=LINE('',#52,#1908);
#1906=VECTOR('',#1909,1.0);
#1907=VECTOR('',#1910,1.0);
#1908=VECTOR('',#1911,1.0);
#1909=DIRECTION('',(-0.956940341688497,0,0.2902846576192115));
#1910=DIRECTION('',(-0.9951847036906087,0,0.0980173736652602));
#1911=DIRECTION('',(0.9807852596395268,0,-0.1950904264022866));
#1912=FACE_SURFACE('',(#1917),#1913,.T.);
#1913=PLANE('',#1914);
#1914=AXIS2_PLACEMENT_3D('',#52,#1915,#1916);
#1915=DIRECTION('',(0,-1,0));
#1916=DIRECTION('',(-0.9951847036906087,0,-0.0980173736652602));
#1917=FACE_BOUND('',#1918,.T.);
#1918=EDGE_LOOP('',(#1919,#1920,#1921));
#1919=ORIENTED_EDGE('',*,*,#1922,.T.);
#1920=ORIENTED_EDGE('',*,*,#1923,.T.);
#1921=ORIENTED_EDGE('',*,*,#1924,.T.);
#1922=EDGE_CURVE('',#53,#175,#1925,.F.);
#1923=EDGE_CURVE('',#175,#171,#1926,.T.);
#1924=EDGE_CURVE('',#171,#53,#1927,.T.);
#1925=LINE('',#52,#1928);
#1926=LINE('',#174,#1929);
#1927=LINE('',#170,#1930);
#1928=VECTOR('',#1931,1.0);
#1929=VECTOR('',#1932,1.0);
#1930=VECTOR('',#1933,1.0);
#1931=DIRECTION('',(-0.9951847036906087,0,-0.0980173736652602));
#1932=DIRECTION('',(-0.956940341688497,0,-0.2902846576192115));
#1933=DIRECTION('',(0.9807852596395268,0,0.1950904264022866));
#1934=FACE_SURFACE('',(#1939),#1935,.T.);
#1935=PLANE('',#1936);
#1936=AXIS2_PLACEMENT_3D('',#170,#1937,#1938);
#1937=DIRECTION('',(0,-1,0));
#1938=DIRECTION('',(-0.8819215028098024,0,-0.4713962906957367));
#1939=FACE_BOUND('',#1940,.T.);
#1940=EDGE_LOOP('',(#1941,#1942,#1943));
#1941=ORIENTED_EDGE('',*,*,#1944,.T.);
#1942=ORIENTED_EDGE('',*,*,#1945,.T.);
#1943=ORIENTED_EDGE('',*,*,#1946,.T.);
#1944=EDGE_CURVE('',#171,#167,#1947,.F.);
#1945=EDGE_CURVE('',#167,#163,#1948,.T.);
#1946=EDGE_CURVE('',#163,#171,#1949,.T.);
#1947=LINE('',#170,#1950);
#1948=LINE('',#166,#1951);
#1949=LINE('',#162,#1952);
#1950=VECTOR('',#1953,1.0);
#1951=VECTOR('',#1954,1.0);
#1952=VECTOR('',#1955,1.0);
#1953=DIRECTION('',(-0.8819215028098024,0,-0.4713962906957367));
#1954=DIRECTION('',(-0.7730101355559679,0,-0.6343936714121163));
#1955=DIRECTION('',(0.8314695999638643,0,0.5555702514857428));
#1956=FACE_SURFACE('',(#1961),#1957,.T.);
#1957=PLANE('',#1958);
#1958=AXIS2_PLACEMENT_3D('',#162,#1959,#1960);
#1959=DIRECTION('',(6.884271295786696E-07,-0.9999999999996035,-5.649780104433123E-07));
#1960=DIRECTION('',(-0.6343935969440057,0,-0.7730101966704234));
#1961=FACE_BOUND('',#1962,.T.);
#1962=EDGE_LOOP('',(#1963,#1964,#1965));
#1963=ORIENTED_EDGE('',*,*,#1966,.T.);
#1964=ORIENTED_EDGE('',*,*,#1967,.T.);
#1965=ORIENTED_EDGE('',*,*,#1968,.T.);
#1966=EDGE_CURVE('',#163,#159,#1969,.F.);
#1967=EDGE_CURVE('',#159,#155,#1970,.T.);
#1968=EDGE_CURVE('',#155,#163,#1971,.T.);
#1969=LINE('',#162,#1972);
#1970=LINE('',#158,#1973);
#1971=LINE('',#154,#1974);
#1972=VECTOR('',#1975,1.0);
#1973=VECTOR('',#1976,1.0);
#1974=VECTOR('',#1977,1.0);
#1975=DIRECTION('',(-0.6343935969440057,0,-0.7730101966704234));
#1976=DIRECTION('',(-0.47139648873555273,1.7374406458563637E-07,-0.8819213969553985));
#1977=DIRECTION('',(0.5555702517594838,-8.72924065302936E-08,0.8314695997809518));
#1978=FACE_SURFACE('',(#1983),#1979,.T.);
#1979=PLANE('',#1980);
#1980=AXIS2_PLACEMENT_3D('',#154,#1981,#1982);
#1981=DIRECTION('',(0,-1,0));
#1982=DIRECTION('',(-0.2902845610922095,0,-0.9569403709696352));
#1983=FACE_BOUND('',#1984,.T.);
#1984=EDGE_LOOP('',(#1985,#1986,#1987));
#1985=ORIENTED_EDGE('',*,*,#1988,.T.);
#1986=ORIENTED_EDGE('',*,*,#1989,.T.);
#1987=ORIENTED_EDGE('',*,*,#1990,.T.);
#1988=EDGE_CURVE('',#155,#151,#1991,.F.);
#1989=EDGE_CURVE('',#151,#147,#1992,.T.);
#1990=EDGE_CURVE('',#147,#155,#1993,.T.);
#1991=LINE('',#154,#1994);
#1992=LINE('',#150,#1995);
#1993=LINE('',#146,#1996);
#1994=VECTOR('',#1997,1.0);
#1995=VECTOR('',#1998,1.0);
#1996=VECTOR('',#1999,1.0);
#1997=DIRECTION('',(-0.2902845610922095,0,-0.9569403709696352));
#1998=DIRECTION('',(-0.09801739061319704,0,-0.9951847020213785));
#1999=DIRECTION('',(0.19509040969960667,0,0.9807852629618982));
#2000=FACE_SURFACE('',(#2005),#2001,.T.);
#2001=PLANE('',#2002);
#2002=AXIS2_PLACEMENT_3D('',#146,#2003,#2004);
#2003=DIRECTION('',(0,-1,0));
#2004=DIRECTION('',(0.09801735671732917,0,-0.9951847053598382));
#2005=FACE_BOUND('',#2006,.T.);
#2006=EDGE_LOOP('',(#2007,#2008,#2009));
#2007=ORIENTED_EDGE('',*,*,#2010,.T.);
#2008=ORIENTED_EDGE('',*,*,#2011,.T.);
#2009=ORIENTED_EDGE('',*,*,#2012,.T.);
#2010=EDGE_CURVE('',#147,#143,#2013,.F.);
#2011=EDGE_CURVE('',#143,#139,#2014,.T.);
#2012=EDGE_CURVE('',#139,#147,#2015,.T.);
#2013=LINE('',#146,#2016);
#2014=LINE('',#142,#2017);
#2015=LINE('',#138,#2018);
#2016=VECTOR('',#2019,1.0);
#2017=VECTOR('',#2020,1.0);
#2018=VECTOR('',#2021,1.0);
#2019=DIRECTION('',(0.09801735671732917,0,-0.9951847053598382));
#2020=DIRECTION('',(0.29028470588273547,0,-0.9569403270479168));
#2021=DIRECTION('',(-0.1950904264022866,0,0.9807852596395268));
#2022=FACE_SURFACE('',(#2027),#2023,.T.);
#2023=PLANE('',#2024);
#2024=AXIS2_PLACEMENT_3D('',#138,#2025,#2026);
#2025=DIRECTION('',(-6.884292935140109E-07,-0.9999999999996035,-5.6497927839454E-07));
#2026=DIRECTION('',(0.47139656096699006,1.7374409120820108E-07,-0.8819213583469133));
#2027=FACE_BOUND('',#2028,.T.);
#2028=EDGE_LOOP('',(#2029,#2030,#2031));
#2029=ORIENTED_EDGE('',*,*,#2032,.T.);
#2030=ORIENTED_EDGE('',*,*,#2033,.T.);
#2031=ORIENTED_EDGE('',*,*,#2034,.T.);
#2032=EDGE_CURVE('',#139,#135,#2035,.F.);
#2033=EDGE_CURVE('',#135,#131,#2036,.T.);
#2034=EDGE_CURVE('',#131,#139,#2037,.T.);
#2035=LINE('',#138,#2038);
#2036=LINE('',#134,#2039);
#2037=LINE('',#130,#2040);
#2038=VECTOR('',#2041,1.0);
#2039=VECTOR('',#2042,1.0);
#2040=VECTOR('',#2043,1.0);
#2041=DIRECTION('',(0.47139656096699006,1.7374409120820108E-07,-0.8819213583469133));
#2042=DIRECTION('',(0.6343932561325593,0,-0.7730104763672541));
#2043=DIRECTION('',(-0.5555701307880004,-8.729238752299098E-08,0.8314696806115041));
#2044=FACE_SURFACE('',(#2049),#2045,.T.);
#2045=PLANE('',#2046);
#2046=AXIS2_PLACEMENT_3D('',#130,#2047,#2048);
#2047=DIRECTION('',(0,-1,0));
#2048=DIRECTION('',(0.7730104763672541,0,-0.6343932561325593));
#2049=FACE_BOUND('',#2050,.T.);
#2050=EDGE_LOOP('',(#2051,#2052,#2053));
#2051=ORIENTED_EDGE('',*,*,#2054,.T.);
#2052=ORIENTED_EDGE('',*,*,#2055,.T.);
#2053=ORIENTED_EDGE('',*,*,#2056,.T.);
#2054=EDGE_CURVE('',#131,#127,#2057,.F.);
#2055=EDGE_CURVE('',#127,#123,#2058,.T.);
#2056=EDGE_CURVE('',#123,#131,#2059,.T.);
#2057=LINE('',#130,#2060);
#2058=LINE('',#126,#2061);
#2059=LINE('',#122,#2062);
#2060=VECTOR('',#2063,1.0);
#2061=VECTOR('',#2064,1.0);
#2062=VECTOR('',#2065,1.0);
#2063=DIRECTION('',(0.7730104763672541,0,-0.6343932561325593));
#2064=DIRECTION('',(0.8819213583469265,0,-0.47139656096699717));
#2065=DIRECTION('',(-0.8314696806115072,0,0.5555701307880025));
#2066=FACE_SURFACE('',(#2071),#2067,.T.);
#2067=PLANE('',#2068);
#2068=AXIS2_PLACEMENT_3D('',#122,#2069,#2070);
#2069=DIRECTION('',(0,-1,0));
#2070=DIRECTION('',(0.956940341688497,0,-0.2902846576192115));
#2071=FACE_BOUND('',#2072,.T.);
#2072=EDGE_LOOP('',(#2073,#2074,#2075));
#2073=ORIENTED_EDGE('',*,*,#2076,.T.);
#2074=ORIENTED_EDGE('',*,*,#2077,.T.);
#2075=ORIENTED_EDGE('',*,*,#2078,.T.);
#2076=EDGE_CURVE('',#123,#119,#2079,.F.);
#2077=EDGE_CURVE('',#119,#115,#2080,.T.);
#2078=EDGE_CURVE('',#115,#123,#2081,.T.);
#2079=LINE('',#122,#2082);
#2080=LINE('',#118,#2083);
#2081=LINE('',#114,#2084);
#2082=VECTOR('',#2085,1.0);
#2083=VECTOR('',#2086,1.0);
#2084=VECTOR('',#2087,1.0);
#2085=DIRECTION('',(0.956940341688497,0,-0.2902846576192115));
#2086=DIRECTION('',(0.9951847036906087,0,-0.0980173736652602));
#2087=DIRECTION('',(-0.9807852596395268,0,0.1950904264022866));
#2088=FACE_SURFACE('',(#2093),#2089,.T.);
#2089=PLANE('',#2090);
#2090=AXIS2_PLACEMENT_3D('',#114,#2091,#2092);
#2091=DIRECTION('',(0,-1,0));
#2092=DIRECTION('',(0.9951847036906087,0,0.0980173736652602));
#2093=FACE_BOUND('',#2094,.T.);
#2094=EDGE_LOOP('',(#2095,#2096,#2097));
#2095=ORIENTED_EDGE('',*,*,#2098,.T.);
#2096=ORIENTED_EDGE('',*,*,#2099,.T.);
#2097=ORIENTED_EDGE('',*,*,#2100,.T.);
#2098=EDGE_CURVE('',#115,#111,#2101,.F.);
#2099=EDGE_CURVE('',#111,#107,#2102,.T.);
#2100=EDGE_CURVE('',#107,#115,#2103,.T.);
#2101=LINE('',#114,#2104);
#2102=LINE('',#110,#2105);
#2103=LINE('',#106,#2106);
#2104=VECTOR('',#2107,1.0);
#2105=VECTOR('',#2108,1.0);
#2106=VECTOR('',#2109,1.0);
#2107=DIRECTION('',(0.9951847036906087,0,0.0980173736652602));
#2108=DIRECTION('',(0.956940341688497,0,0.2902846576192115));
#2109=DIRECTION('',(-0.9807852596395268,0,-0.1950904264022866));
#2110=FACE_SURFACE('',(#2115),#2111,.T.);
#2111=PLANE('',#2112);
#2112=AXIS2_PLACEMENT_3D('',#106,#2113,#2114);
#2113=DIRECTION('',(0,-1,0));
#2114=DIRECTION('',(0.8819213583469265,0,0.47139656096699717));
#2115=FACE_BOUND('',#2116,.T.);
#2116=EDGE_LOOP('',(#2117,#2118,#2119));
#2117=ORIENTED_EDGE('',*,*,#2120,.T.);
#2118=ORIENTED_EDGE('',*,*,#2121,.T.);
#2119=ORIENTED_EDGE('',*,*,#2122,.T.);
#2120=EDGE_CURVE('',#107,#103,#2123,.F.);
#2121=EDGE_CURVE('',#103,#99,#2124,.T.);
#2122=EDGE_CURVE('',#99,#107,#2125,.T.);
#2123=LINE('',#106,#2126);
#2124=LINE('',#102,#2127);
#2125=LINE('',#98,#2128);
#2126=VECTOR('',#2129,1.0);
#2127=VECTOR('',#2130,1.0);
#2128=VECTOR('',#2131,1.0);
#2129=DIRECTION('',(0.8819213583469265,0,0.47139656096699717));
#2130=DIRECTION('',(0.7730104763672541,0,0.6343932561325593));
#2131=DIRECTION('',(-0.8314696806115072,0,-0.5555701307880025));
#2132=FACE_SURFACE('',(#2137),#2133,.T.);
#2133=PLANE('',#2134);
#2134=AXIS2_PLACEMENT_3D('',#98,#2135,#2136);
#2135=DIRECTION('',(6.884292935140109E-07,-0.9999999999996035,-5.6497927839454E-07));
#2136=DIRECTION('',(0.6343932561325593,0,0.7730104763672541));
#2137=FACE_BOUND('',#2138,.T.);
#2138=EDGE_LOOP('',(#2139,#2140,#2141));
#2139=ORIENTED_EDGE('',*,*,#2142,.T.);
#2140=ORIENTED_EDGE('',*,*,#2143,.T.);
#2141=ORIENTED_EDGE('',*,*,#2144,.T.);
#2142=EDGE_CURVE('',#99,#95,#2145,.F.);
#2143=EDGE_CURVE('',#95,#91,#2146,.T.);
#2144=EDGE_CURVE('',#91,#99,#2147,.T.);
#2145=LINE('',#98,#2148);
#2146=LINE('',#94,#2149);
#2147=LINE('',#90,#2150);
#2148=VECTOR('',#2151,1.0);
#2149=VECTOR('',#2152,1.0);
#2150=VECTOR('',#2153,1.0);
#2151=DIRECTION('',(0.6343932561325593,0,0.7730104763672541));
#2152=DIRECTION('',(0.47139656096699006,-1.7374409120820108E-07,0.8819213583469133));
#2153=DIRECTION('',(-0.5555701307880004,8.729238752299098E-08,-0.8314696806115041));
#2154=FACE_SURFACE('',(#2159),#2155,.T.);
#2155=PLANE('',#2156);
#2156=AXIS2_PLACEMENT_3D('',#90,#2157,#2158);
#2157=DIRECTION('',(0,-1,0));
#2158=DIRECTION('',(0.29028470588273547,0,0.9569403270479168));
#2159=FACE_BOUND('',#2160,.T.);
#2160=EDGE_LOOP('',(#2161,#2162,#2163));
#2161=ORIENTED_EDGE('',*,*,#2164,.T.);
#2162=ORIENTED_EDGE('',*,*,#2165,.T.);
#2163=ORIENTED_EDGE('',*,*,#2166,.T.);
#2164=EDGE_CURVE('',#91,#87,#2167,.F.);
#2165=EDGE_CURVE('',#87,#83,#2168,.T.);
#2166=EDGE_CURVE('',#83,#91,#2169,.T.);
#2167=LINE('',#90,#2170);
#2168=LINE('',#86,#2171);
#2169=LINE('',#82,#2172);
#2170=VECTOR('',#2173,1.0);
#2171=VECTOR('',#2174,1.0);
#2172=VECTOR('',#2175,1.0);
#2173=DIRECTION('',(0.29028470588273547,0,0.9569403270479168));
#2174=DIRECTION('',(0.09801735671732917,0,0.9951847053598382));
#2175=DIRECTION('',(-0.1950904264022866,0,-0.9807852596395268));
#2176=FACE_SURFACE('',(#2181),#2177,.T.);
#2177=PLANE('',#2178);
#2178=AXIS2_PLACEMENT_3D('',#82,#2179,#2180);
#2179=DIRECTION('',(0,-1,0));
#2180=DIRECTION('',(-0.09801739061319704,0,0.9951847020213785));
#2181=FACE_BOUND('',#2182,.T.);
#2182=EDGE_LOOP('',(#2183,#2184,#2185));
#2183=ORIENTED_EDGE('',*,*,#2186,.T.);
#2184=ORIENTED_EDGE('',*,*,#2187,.T.);
#2185=ORIENTED_EDGE('',*,*,#2188,.T.);
#2186=EDGE_CURVE('',#83,#79,#2189,.F.);
#2187=EDGE_CURVE('',#79,#75,#2190,.T.);
#2188=EDGE_CURVE('',#75,#83,#2191,.T.);
#2189=LINE('',#82,#2192);
#2190=LINE('',#78,#2193);
#2191=LINE('',#74,#2194);
#2192=VECTOR('',#2195,1.0);
#2193=VECTOR('',#2196,1.0);
#2194=VECTOR('',#2197,1.0);
#2195=DIRECTION('',(-0.09801739061319704,0,0.9951847020213785));
#2196=DIRECTION('',(-0.2902845610922095,0,0.9569403709696352));
#2197=DIRECTION('',(0.19509040969960667,0,-0.9807852629618982));
#2198=FACE_SURFACE('',(#2203),#2199,.T.);
#2199=PLANE('',#2200);
#2200=AXIS2_PLACEMENT_3D('',#74,#2201,#2202);
#2201=DIRECTION('',(-6.884271295786696E-07,-0.9999999999996035,-5.649780104433123E-07));
#2202=DIRECTION('',(-0.47139648873555273,-1.7374406458563637E-07,0.8819213969553985));
#2203=FACE_BOUND('',#2204,.T.);
#2204=EDGE_LOOP('',(#2205,#2206,#2207));
#2205=ORIENTED_EDGE('',*,*,#2208,.T.);
#2206=ORIENTED_EDGE('',*,*,#2209,.T.);
#2207=ORIENTED_EDGE('',*,*,#2210,.T.);
#2208=EDGE_CURVE('',#75,#71,#2211,.F.);
#2209=EDGE_CURVE('',#71,#67,#2212,.T.);
#2210=EDGE_CURVE('',#67,#75,#2213,.T.);
#2211=LINE('',#74,#2214);
#2212=LINE('',#70,#2215);
#2213=LINE('',#66,#2216);
#2214=VECTOR('',#2217,1.0);
#2215=VECTOR('',#2218,1.0);
#2216=VECTOR('',#2219,1.0);
#2217=DIRECTION('',(-0.47139648873555273,-1.7374406458563637E-07,0.8819213969553985));
#2218=DIRECTION('',(-0.6343935969440057,0,0.7730101966704234));
#2219=DIRECTION('',(0.5555702517594838,8.72924065302936E-08,-0.8314695997809518));
#2220=FACE_SURFACE('',(#2225),#2221,.T.);
#2221=PLANE('',#2222);
#2222=AXIS2_PLACEMENT_3D('',#66,#2223,#2224);
#2223=DIRECTION('',(0,-1,0));
#2224=DIRECTION('',(-0.7730101355559679,0,0.6343936714121163));
#2225=FACE_BOUND('',#2226,.T.);
#2226=EDGE_LOOP('',(#2227,#2228,#2229));
#2227=ORIENTED_EDGE('',*,*,#2230,.T.);
#2228=ORIENTED_EDGE('',*,*,#2231,.T.);
#2229=ORIENTED_EDGE('',*,*,#2232,.T.);
#2230=EDGE_CURVE('',#67,#63,#2233,.F.);
#2231=EDGE_CURVE('',#63,#59,#2234,.T.);
#2232=EDGE_CURVE('',#59,#67,#2235,.T.);
#2233=LINE('',#66,#2236);
#2234=LINE('',#62,#2237);
#2235=LINE('',#58,#2238);
#2236=VECTOR('',#2239,1.0);
#2237=VECTOR('',#2240,1.0);
#2238=VECTOR('',#2241,1.0);
#2239=DIRECTION('',(-0.7730101355559679,0,0.6343936714121163));
#2240=DIRECTION('',(-0.8819215028098024,0,0.4713962906957367));
#2241=DIRECTION('',(0.8314695999638643,0,-0.5555702514857428));
#2242=FACE_SURFACE('',(#2247),#2243,.T.);
#2243=PLANE('',#2244);
#2244=AXIS2_PLACEMENT_3D('',#58,#2245,#2246);
#2245=DIRECTION('',(0,-1,0));
#2246=DIRECTION('',(-0.9807852596395268,0,0.1950904264022866));
#2247=FACE_BOUND('',#2248,.T.);
#2248=EDGE_LOOP('',(#2249,#2250,#2251));
#2249=ORIENTED_EDGE('',*,*,#2252,.T.);
#2250=ORIENTED_EDGE('',*,*,#2253,.T.);
#2251=ORIENTED_EDGE('',*,*,#2254,.T.);
#2252=EDGE_CURVE('',#59,#53,#2255,.F.);
#2253=EDGE_CURVE('',#53,#171,#2256,.T.);
#2254=EDGE_CURVE('',#171,#59,#2257,.T.);
#2255=LINE('',#58,#2258);
#2256=LINE('',#52,#2259);
#2257=LINE('',#170,#2260);
#2258=VECTOR('',#2261,1.0);
#2259=VECTOR('',#2262,1.0);
#2260=VECTOR('',#2263,1.0);
#2261=DIRECTION('',(-0.9807852596395268,0,0.1950904264022866));
#2262=DIRECTION('',(-0.9807852596395268,0,-0.1950904264022866));
#2263=DIRECTION('',(1,0,0));
#2264=FACE_SURFACE('',(#2269),#2265,.T.);
#2265=PLANE('',#2266);
#2266=AXIS2_PLACEMENT_3D('',#170,#2267,#2268);
#2267=DIRECTION('',(1.2672894979597417E-07,-0.999999999999974,-1.8966326744261136E-07));
#2268=DIRECTION('',(-0.8314695999638643,0,-0.5555702514857428));
#2269=FACE_BOUND('',#2270,.T.);
#2270=EDGE_LOOP('',(#2271,#2272,#2273));
#2271=ORIENTED_EDGE('',*,*,#2274,.T.);
#2272=ORIENTED_EDGE('',*,*,#2275,.T.);
#2273=ORIENTED_EDGE('',*,*,#2276,.T.);
#2274=EDGE_CURVE('',#171,#163,#2277,.F.);
#2275=EDGE_CURVE('',#163,#155,#2278,.T.);
#2276=EDGE_CURVE('',#155,#171,#2279,.T.);
#2277=LINE('',#170,#2280);
#2278=LINE('',#162,#2281);
#2279=LINE('',#154,#2282);
#2280=VECTOR('',#2283,1.0);
#2281=VECTOR('',#2284,1.0);
#2282=VECTOR('',#2285,1.0);
#2283=DIRECTION('',(-0.8314695999638643,0,-0.5555702514857428));
#2284=DIRECTION('',(-0.5555702517594838,8.72924065302936E-08,-0.8314695997809518));
#2285=DIRECTION('',(0.7071068034371844,-4.450127573735779E-08,0.7071067589359086));
#2286=FACE_SURFACE('',(#2291),#2287,.T.);
#2287=PLANE('',#2288);
#2288=AXIS2_PLACEMENT_3D('',#154,#2289,#2290);
#2289=DIRECTION('',(0,-1,-0));
#2290=DIRECTION('',(-0.19509040969960667,0,-0.9807852629618982));
#2291=FACE_BOUND('',#2292,.T.);
#2292=EDGE_LOOP('',(#2293,#2294,#2295));
#2293=ORIENTED_EDGE('',*,*,#2296,.T.);
#2294=ORIENTED_EDGE('',*,*,#2297,.T.);
#2295=ORIENTED_EDGE('',*,*,#2298,.T.);
#2296=EDGE_CURVE('',#155,#147,#2299,.F.);
#2297=EDGE_CURVE('',#147,#139,#2300,.T.);
#2298=EDGE_CURVE('',#139,#155,#2301,.T.);
#2299=LINE('',#154,#2302);
#2300=LINE('',#146,#2303);
#2301=LINE('',#138,#2304);
#2302=VECTOR('',#2305,1.0);
#2303=VECTOR('',#2306,1.0);
#2304=VECTOR('',#2307,1.0);
#2305=DIRECTION('',(-0.19509040969960667,0,-0.9807852629618982));
#2306=DIRECTION('',(0.1950904264022866,0,-0.9807852596395268));
#2307=DIRECTION('',(0,0,1));
#2308=FACE_SURFACE('',(#2313),#2309,.T.);
#2309=PLANE('',#2310);
#2310=AXIS2_PLACEMENT_3D('',#138,#2311,#2312);
#2311=DIRECTION('',(-1.2672880574432518E-07,-0.999999999999974,-1.896631114546363E-07));
#2312=DIRECTION('',(0.5555701307880004,8.729238752299098E-08,-0.8314696806115041));
#2313=FACE_BOUND('',#2314,.T.);
#2314=EDGE_LOOP('',(#2315,#2316,#2317));
#2315=ORIENTED_EDGE('',*,*,#2318,.T.);
#2316=ORIENTED_EDGE('',*,*,#2319,.T.);
#2317=ORIENTED_EDGE('',*,*,#2320,.T.);
#2318=EDGE_CURVE('',#139,#131,#2321,.F.);
#2319=EDGE_CURVE('',#131,#123,#2322,.T.);
#2320=EDGE_CURVE('',#123,#139,#2323,.T.);
#2321=LINE('',#138,#2324);
#2322=LINE('',#130,#2325);
#2323=LINE('',#122,#2326);
#2324=VECTOR('',#2327,1.0);
#2325=VECTOR('',#2328,1.0);
#2326=VECTOR('',#2329,1.0);
#2327=DIRECTION('',(0.5555701307880004,8.729238752299098E-08,-0.8314696806115041));
#2328=DIRECTION('',(0.8314696806115072,0,-0.5555701307880025));
#2329=DIRECTION('',(-0.7071067811865469,-4.450127433702937E-08,0.7071067811865469));
#2330=FACE_SURFACE('',(#2335),#2331,.T.);
#2331=PLANE('',#2332);
#2332=AXIS2_PLACEMENT_3D('',#122,#2333,#2334);
#2333=DIRECTION('',(0,-1,0));
#2334=DIRECTION('',(0.9807852596395268,0,-0.1950904264022866));
#2335=FACE_BOUND('',#2336,.T.);
#2336=EDGE_LOOP('',(#2337,#2338,#2339));
#2337=ORIENTED_EDGE('',*,*,#2340,.T.);
#2338=ORIENTED_EDGE('',*,*,#2341,.T.);
#2339=ORIENTED_EDGE('',*,*,#2342,.T.);
#2340=EDGE_CURVE('',#123,#115,#2343,.F.);
#2341=EDGE_CURVE('',#115,#107,#2344,.T.);
#2342=EDGE_CURVE('',#107,#123,#2345,.T.);
#2343=LINE('',#122,#2346);
#2344=LINE('',#114,#2347);
#2345=LINE('',#106,#2348);
#2346=VECTOR('',#2349,1.0);
#2347=VECTOR('',#2350,1.0);
#2348=VECTOR('',#2351,1.0);
#2349=DIRECTION('',(0.9807852596395268,0,-0.1950904264022866));
#2350=DIRECTION('',(0.9807852596395268,0,0.1950904264022866));
#2351=DIRECTION('',(-1,0,0));
#2352=FACE_SURFACE('',(#2357),#2353,.T.);
#2353=PLANE('',#2354);
#2354=AXIS2_PLACEMENT_3D('',#106,#2355,#2356);
#2355=DIRECTION('',(1.2672880574432518E-07,-0.999999999999974,-1.896631114546363E-07));
#2356=DIRECTION('',(0.8314696806115072,0,0.5555701307880025));
#2357=FACE_BOUND('',#2358,.T.);
#2358=EDGE_LOOP('',(#2359,#2360,#2361));
#2359=ORIENTED_EDGE('',*,*,#2362,.T.);
#2360=ORIENTED_EDGE('',*,*,#2363,.T.);
#2361=ORIENTED_EDGE('',*,*,#2364,.T.);
#2362=EDGE_CURVE('',#107,#99,#2365,.F.);
#2363=EDGE_CURVE('',#99,#91,#2366,.T.);
#2364=EDGE_CURVE('',#91,#107,#2367,.T.);
#2365=LINE('',#106,#2368);
#2366=LINE('',#98,#2369);
#2367=LINE('',#90,#2370);
#2368=VECTOR('',#2371,1.0);
#2369=VECTOR('',#2372,1.0);
#2370=VECTOR('',#2373,1.0);
#2371=DIRECTION('',(0.8314696806115072,0,0.5555701307880025));
#2372=DIRECTION('',(0.5555701307880004,-8.729238752299098E-08,0.8314696806115041));
#2373=DIRECTION('',(-0.7071067811865469,4.450127433702937E-08,-0.7071067811865469));
#2374=FACE_SURFACE('',(#2379),#2375,.T.);
#2375=PLANE('',#2376);
#2376=AXIS2_PLACEMENT_3D('',#90,#2377,#2378);
#2377=DIRECTION('',(0,-1,0));
#2378=DIRECTION('',(0.1950904264022866,0,0.9807852596395268));
#2379=FACE_BOUND('',#2380,.T.);
#2380=EDGE_LOOP('',(#2381,#2382,#2383));
#2381=ORIENTED_EDGE('',*,*,#2384,.T.);
#2382=ORIENTED_EDGE('',*,*,#2385,.T.);
#2383=ORIENTED_EDGE('',*,*,#2386,.T.);
#2384=EDGE_CURVE('',#91,#83,#2387,.F.);
#2385=EDGE_CURVE('',#83,#75,#2388,.T.);
#2386=EDGE_CURVE('',#75,#91,#2389,.T.);
#2387=LINE('',#90,#2390);
#2388=LINE('',#82,#2391);
#2389=LINE('',#74,#2392);
#2390=VECTOR('',#2393,1.0);
#2391=VECTOR('',#2394,1.0);
#2392=VECTOR('',#2395,1.0);
#2393=DIRECTION('',(0.1950904264022866,0,0.9807852596395268));
#2394=DIRECTION('',(-0.19509040969960667,0,0.9807852629618982));
#2395=DIRECTION('',(0,0,-1));
#2396=FACE_SURFACE('',(#2401),#2397,.T.);
#2397=PLANE('',#2398);
#2398=AXIS2_PLACEMENT_3D('',#74,#2399,#2400);
#2399=DIRECTION('',(-1.2672894979597417E-07,-0.999999999999974,-1.8966326744261136E-07));
#2400=DIRECTION('',(-0.5555702517594838,-8.72924065302936E-08,0.8314695997809518));
#2401=FACE_BOUND('',#2402,.T.);
#2402=EDGE_LOOP('',(#2403,#2404,#2405));
#2403=ORIENTED_EDGE('',*,*,#2406,.T.);
#2404=ORIENTED_EDGE('',*,*,#2407,.T.);
#2405=ORIENTED_EDGE('',*,*,#2408,.T.);
#2406=EDGE_CURVE('',#75,#67,#2409,.F.);
#2407=EDGE_CURVE('',#67,#59,#2410,.T.);
#2408=EDGE_CURVE('',#59,#75,#2411,.T.);
#2409=LINE('',#74,#2412);
#2410=LINE('',#66,#2413);
#2411=LINE('',#58,#2414);
#2412=VECTOR('',#2415,1.0);
#2413=VECTOR('',#2416,1.0);
#2414=VECTOR('',#2417,1.0);
#2415=DIRECTION('',(-0.5555702517594838,-8.72924065302936E-08,0.8314695997809518));
#2416=DIRECTION('',(-0.8314695999638643,0,0.5555702514857428));
#2417=DIRECTION('',(0.7071068034371844,4.450127573735779E-08,-0.7071067589359086));
#2418=FACE_SURFACE('',(#2423),#2419,.T.);
#2419=PLANE('',#2420);
#2420=AXIS2_PLACEMENT_3D('',#58,#2421,#2422);
#2421=DIRECTION('',(-0,-0.9999999999999981,-6.293430967103972E-08));
#2422=DIRECTION('',(-1,0,0));
#2423=FACE_BOUND('',#2424,.T.);
#2424=EDGE_LOOP('',(#2425,#2426,#2427));
#2425=ORIENTED_EDGE('',*,*,#2428,.T.);
#2426=ORIENTED_EDGE('',*,*,#2429,.T.);
#2427=ORIENTED_EDGE('',*,*,#2430,.T.);
#2428=EDGE_CURVE('',#59,#171,#2431,.F.);
#2429=EDGE_CURVE('',#171,#155,#2432,.T.);
#2430=EDGE_CURVE('',#155,#59,#2433,.T.);
#2431=LINE('',#58,#2434);
#2432=LINE('',#170,#2435);
#2433=LINE('',#154,#2436);
#2434=VECTOR('',#2437,1.0);
#2435=VECTOR('',#2438,1.0);
#2436=VECTOR('',#2439,1.0);
#2437=DIRECTION('',(-1,0,0));
#2438=DIRECTION('',(-0.7071068034371844,4.450127573735779E-08,-0.7071067589359086));
#2439=DIRECTION('',(0.9238795529916785,-2.4083914526714235E-08,0.3826833829210461));
#2440=FACE_SURFACE('',(#2445),#2441,.T.);
#2441=PLANE('',#2442);
#2442=AXIS2_PLACEMENT_3D('',#154,#2443,#2444);
#2443=DIRECTION('',(6.293430571031264E-08,-0.9999999999999981,0));
#2444=DIRECTION('',(0,0,-1));
#2445=FACE_BOUND('',#2446,.T.);
#2446=EDGE_LOOP('',(#2447,#2448,#2449));
#2447=ORIENTED_EDGE('',*,*,#2450,.T.);
#2448=ORIENTED_EDGE('',*,*,#2451,.T.);
#2449=ORIENTED_EDGE('',*,*,#2452,.T.);
#2450=EDGE_CURVE('',#155,#139,#2453,.F.);
#2451=EDGE_CURVE('',#139,#123,#2454,.T.);
#2452=EDGE_CURVE('',#123,#155,#2455,.T.);
#2453=LINE('',#154,#2456);
#2454=LINE('',#138,#2457);
#2455=LINE('',#122,#2458);
#2456=VECTOR('',#2459,1.0);
#2457=VECTOR('',#2460,1.0);
#2458=VECTOR('',#2461,1.0);
#2459=DIRECTION('',(0,0,-1));
#2460=DIRECTION('',(0.7071067811865469,4.450127433702937E-08,-0.7071067811865469));
#2461=DIRECTION('',(-0.38268339496300474,-2.40839137688621E-08,0.9238795480037364));
#2462=FACE_SURFACE('',(#2467),#2463,.T.);
#2463=PLANE('',#2464);
#2464=AXIS2_PLACEMENT_3D('',#122,#2465,#2466);
#2465=DIRECTION('',(0,-0.9999999999999981,-6.293430571031264E-08));
#2466=DIRECTION('',(1,0,0));
#2467=FACE_BOUND('',#2468,.T.);
#2468=EDGE_LOOP('',(#2469,#2470,#2471));
#2469=ORIENTED_EDGE('',*,*,#2472,.T.);
#2470=ORIENTED_EDGE('',*,*,#2473,.T.);
#2471=ORIENTED_EDGE('',*,*,#2474,.T.);
#2472=EDGE_CURVE('',#123,#107,#2475,.F.);
#2473=EDGE_CURVE('',#107,#91,#2476,.T.);
#2474=EDGE_CURVE('',#91,#123,#2477,.T.);
#2475=LINE('',#122,#2478);
#2476=LINE('',#106,#2479);
#2477=LINE('',#90,#2480);
#2478=VECTOR('',#2481,1.0);
#2479=VECTOR('',#2482,1.0);
#2480=VECTOR('',#2483,1.0);
#2481=DIRECTION('',(1,0,0));
#2482=DIRECTION('',(0.7071067811865469,-4.450127433702937E-08,0.7071067811865469));
#2483=DIRECTION('',(-0.9238795444767295,2.4083914304744496E-08,-0.3826834034779536));
#2484=FACE_SURFACE('',(#2489),#2485,.T.);
#2485=PLANE('',#2486);
#2486=AXIS2_PLACEMENT_3D('',#90,#2487,#2488);
#2487=DIRECTION('',(6.293430571031264E-08,-0.9999999999999981,0));
#2488=DIRECTION('',(0,0,1));
#2489=FACE_BOUND('',#2490,.T.);
#2490=EDGE_LOOP('',(#2491,#2492,#2493));
#2491=ORIENTED_EDGE('',*,*,#2494,.T.);
#2492=ORIENTED_EDGE('',*,*,#2495,.T.);
#2493=ORIENTED_EDGE('',*,*,#2496,.T.);
#2494=EDGE_CURVE('',#91,#75,#2497,.F.);
#2495=EDGE_CURVE('',#75,#59,#2498,.T.);
#2496=EDGE_CURVE('',#59,#91,#2499,.T.);
#2497=LINE('',#90,#2500);
#2498=LINE('',#74,#2501);
#2499=LINE('',#58,#2502);
#2500=VECTOR('',#2503,1.0);
#2501=VECTOR('',#2504,1.0);
#2502=VECTOR('',#2505,1.0);
#2503=DIRECTION('',(0,0,1));
#2504=DIRECTION('',(-0.7071068034371844,-4.450127573735779E-08,0.7071067589359086));
#2505=DIRECTION('',(0.3826834034779536,2.4083914304744496E-08,-0.9238795444767295));
#2506=FACE_SURFACE('',(#2511),#2507,.T.);
#2507=PLANE('',#2508);
#2508=AXIS2_PLACEMENT_3D('',#58,#2509,#2510);
#2509=DIRECTION('',(-1.303412247205446E-08,-0.9999999999999994,-3.1467149662148284E-08));
#2510=DIRECTION('',(-0.9238795529916785,2.4083914526714235E-08,-0.3826833829210461));
#2511=FACE_BOUND('',#2512,.T.);
#2512=EDGE_LOOP('',(#2513,#2514,#2515));
#2513=ORIENTED_EDGE('',*,*,#2516,.T.);
#2514=ORIENTED_EDGE('',*,*,#2517,.T.);
#2515=ORIENTED_EDGE('',*,*,#2518,.T.);
#2516=EDGE_CURVE('',#59,#155,#2519,.F.);
#2517=EDGE_CURVE('',#155,#123,#2520,.T.);
#2518=EDGE_CURVE('',#123,#59,#2521,.T.);
#2519=LINE('',#58,#2522);
#2520=LINE('',#154,#2523);
#2521=LINE('',#122,#2524);
#2522=VECTOR('',#2525,1.0);
#2523=VECTOR('',#2526,1.0);
#2524=VECTOR('',#2527,1.0);
#2525=DIRECTION('',(-0.9238795529916785,2.4083914526714235E-08,-0.3826833829210461));
#2526=DIRECTION('',(0.38268339496300474,2.40839137688621E-08,-0.9238795480037364));
#2527=DIRECTION('',(0.38268346125222524,-3.405979824480105E-08,0.9238795205458423));
#2528=FACE_SURFACE('',(#2533),#2529,.T.);
#2529=PLANE('',#2530);
#2530=AXIS2_PLACEMENT_3D('',#122,#2531,#2532);
#2531=DIRECTION('',(-1.303412148187294E-08,-0.9999999999999994,-3.146715007229493E-08));
#2532=DIRECTION('',(0.9238795444767295,-2.4083914304744496E-08,0.3826834034779536));
#2533=FACE_BOUND('',#2534,.T.);
#2534=EDGE_LOOP('',(#2535,#2536,#2537));
#2535=ORIENTED_EDGE('',*,*,#2538,.T.);
#2536=ORIENTED_EDGE('',*,*,#2539,.T.);
#2537=ORIENTED_EDGE('',*,*,#2540,.T.);
#2538=EDGE_CURVE('',#123,#91,#2541,.F.);
#2539=EDGE_CURVE('',#91,#59,#2542,.T.);
#2540=EDGE_CURVE('',#59,#123,#2543,.T.);
#2541=LINE('',#122,#2544);
#2542=LINE('',#90,#2545);
#2543=LINE('',#58,#2546);
#2544=VECTOR('',#2547,1.0);
#2545=VECTOR('',#2548,1.0);
#2546=VECTOR('',#2549,1.0);
#2547=DIRECTION('',(0.9238795444767295,-2.4083914304744496E-08,0.3826834034779536));
#2548=DIRECTION('',(-0.3826834034779536,-2.4083914304744496E-08,0.9238795444767295));
#2549=DIRECTION('',(-0.38268346125222524,3.405979824480105E-08,-0.9238795205458423));
#2550=FACE_SURFACE('',(#2555),#2551,.T.);
#2551=PLANE('',#2552);
#2552=AXIS2_PLACEMENT_3D('',#172,#2553,#2554);
#2553=DIRECTION('',(-0.2902846576192115,0,0.956940341688497));
#2554=DIRECTION('',(0,-1,0));
#2555=FACE_BOUND('',#2556,.T.);
#2556=EDGE_LOOP('',(#2557,#2558,#2559));
#2557=ORIENTED_EDGE('',*,*,#2560,.T.);
#2558=ORIENTED_EDGE('',*,*,#2561,.T.);
#2559=ORIENTED_EDGE('',*,*,#2562,.T.);
#2560=EDGE_CURVE('',#173,#171,#2563,.F.);
#2561=EDGE_CURVE('',#171,#175,#2564,.T.);
#2562=EDGE_CURVE('',#175,#173,#2565,.T.);
#2563=LINE('',#172,#2566);
#2564=LINE('',#170,#2567);
#2565=LINE('',#174,#2568);
#2566=VECTOR('',#2569,1.0);
#2567=VECTOR('',#2570,1.0);
#2568=VECTOR('',#2571,1.0);
#2569=DIRECTION('',(0,-1,0));
#2570=DIRECTION('',(0.956940341688497,0,0.2902846576192115));
#2571=DIRECTION('',(-0.25326531420186066,0.9643413627388712,-0.07682718746101422));
#2572=FACE_SURFACE('',(#2577),#2573,.T.);
#2573=PLANE('',#2574);
#2574=AXIS2_PLACEMENT_3D('',#172,#2575,#2576);
#2575=DIRECTION('',(-0.2902846576192115,0,0.956940341688497));
#2576=DIRECTION('',(0.25326531420186066,-0.9643413627388712,0.07682718746101422));
#2577=FACE_BOUND('',#2578,.T.);
#2578=EDGE_LOOP('',(#2579,#2580,#2581));
#2579=ORIENTED_EDGE('',*,*,#2582,.T.);
#2580=ORIENTED_EDGE('',*,*,#2583,.T.);
#2581=ORIENTED_EDGE('',*,*,#2584,.T.);
#2582=EDGE_CURVE('',#173,#175,#2585,.F.);
#2583=EDGE_CURVE('',#175,#177,#2586,.T.);
#2584=EDGE_CURVE('',#177,#173,#2587,.T.);
#2585=LINE('',#172,#2588);
#2586=LINE('',#174,#2589);
#2587=LINE('',#176,#2590);
#2588=VECTOR('',#2591,1.0);
#2589=VECTOR('',#2592,1.0);
#2590=VECTOR('',#2593,1.0);
#2591=DIRECTION('',(0.25326531420186066,-0.9643413627388712,0.07682718746101422));
#2592=DIRECTION('',(0,1,0));
#2593=DIRECTION('',(-0.956940341688497,0,-0.2902846576192115));
#2594=FACE_SURFACE('',(#2599),#2595,.T.);
#2595=PLANE('',#2596);
#2596=AXIS2_PLACEMENT_3D('',#176,#2597,#2598);
#2597=DIRECTION('',(-0.0980173736652602,0,0.9951847036906089));
#2598=DIRECTION('',(0,-1,0));
#2599=FACE_BOUND('',#2600,.T.);
#2600=EDGE_LOOP('',(#2601,#2602,#2603));
#2601=ORIENTED_EDGE('',*,*,#2604,.T.);
#2602=ORIENTED_EDGE('',*,*,#2605,.T.);
#2603=ORIENTED_EDGE('',*,*,#2606,.T.);
#2604=EDGE_CURVE('',#177,#175,#2607,.F.);
#2605=EDGE_CURVE('',#175,#53,#2608,.T.);
#2606=EDGE_CURVE('',#53,#177,#2609,.T.);
#2607=LINE('',#176,#2610);
#2608=LINE('',#174,#2611);
#2609=LINE('',#52,#2612);
#2610=VECTOR('',#2613,1.0);
#2611=VECTOR('',#2614,1.0);
#2612=VECTOR('',#2615,1.0);
#2613=DIRECTION('',(0,-1,0));
#2614=DIRECTION('',(0.9951847036906087,0,0.0980173736652602));
#2615=DIRECTION('',(-0.2633871290272272,0.9643413619957629,-0.025941430318153158));
#2616=FACE_SURFACE('',(#2621),#2617,.T.);
#2617=PLANE('',#2618);
#2618=AXIS2_PLACEMENT_3D('',#176,#2619,#2620);
#2619=DIRECTION('',(-0.0980173736652602,0,0.9951847036906089));
#2620=DIRECTION('',(0.2633871290272272,-0.9643413619957629,0.025941430318153158));
#2621=FACE_BOUND('',#2622,.T.);
#2622=EDGE_LOOP('',(#2623,#2624,#2625));
#2623=ORIENTED_EDGE('',*,*,#2626,.T.);
#2624=ORIENTED_EDGE('',*,*,#2627,.T.);
#2625=ORIENTED_EDGE('',*,*,#2628,.T.);
#2626=EDGE_CURVE('',#177,#53,#2629,.F.);
#2627=EDGE_CURVE('',#53,#51,#2630,.T.);
#2628=EDGE_CURVE('',#51,#177,#2631,.T.);
#2629=LINE('',#176,#2632);
#2630=LINE('',#52,#2633);
#2631=LINE('',#50,#2634);
#2632=VECTOR('',#2635,1.0);
#2633=VECTOR('',#2636,1.0);
#2634=VECTOR('',#2637,1.0);
#2635=DIRECTION('',(0.2633871290272272,-0.9643413619957629,0.025941430318153158));
#2636=DIRECTION('',(0,1,0));
#2637=DIRECTION('',(-0.9951847036906087,0,-0.0980173736652602));
#2638=FACE_SURFACE('',(#2643),#2639,.T.);
#2639=PLANE('',#2640);
#2640=AXIS2_PLACEMENT_3D('',#176,#2641,#2642);
#2641=DIRECTION('',(0,1,0));
#2642=DIRECTION('',(0.9951847036906087,0,0.0980173736652602));
#2643=FACE_BOUND('',#2644,.T.);
#2644=EDGE_LOOP('',(#2645,#2646,#2647));
#2645=ORIENTED_EDGE('',*,*,#2648,.T.);
#2646=ORIENTED_EDGE('',*,*,#2649,.T.);
#2647=ORIENTED_EDGE('',*,*,#2650,.T.);
#2648=EDGE_CURVE('',#177,#51,#2651,.F.);
#2649=EDGE_CURVE('',#51,#57,#2652,.T.);
#2650=EDGE_CURVE('',#57,#177,#2653,.T.);
#2651=LINE('',#176,#2654);
#2652=LINE('',#50,#2655);
#2653=LINE('',#56,#2656);
#2654=VECTOR('',#2657,1.0);
#2655=VECTOR('',#2658,1.0);
#2656=VECTOR('',#2659,1.0);
#2657=DIRECTION('',(0.9951847036906087,0,0.0980173736652602));
#2658=DIRECTION('',(0.9951847036906087,0,-0.0980173736652602));
#2659=DIRECTION('',(-1,0,0));
#2660=FACE_SURFACE('',(#2665),#2661,.T.);
#2661=PLANE('',#2662);
#2662=AXIS2_PLACEMENT_3D('',#56,#2663,#2664);
#2663=DIRECTION('',(0,1,0));
#2664=DIRECTION('',(0.956940341688497,0,-0.2902846576192115));
#2665=FACE_BOUND('',#2666,.T.);
#2666=EDGE_LOOP('',(#2667,#2668,#2669));
#2667=ORIENTED_EDGE('',*,*,#2670,.T.);
#2668=ORIENTED_EDGE('',*,*,#2671,.T.);
#2669=ORIENTED_EDGE('',*,*,#2672,.T.);
#2670=EDGE_CURVE('',#57,#61,#2673,.F.);
#2671=EDGE_CURVE('',#61,#65,#2674,.T.);
#2672=EDGE_CURVE('',#65,#57,#2675,.T.);
#2673=LINE('',#56,#2676);
#2674=LINE('',#60,#2677);
#2675=LINE('',#64,#2678);
#2676=VECTOR('',#2679,1.0);
#2677=VECTOR('',#2680,1.0);
#2678=VECTOR('',#2681,1.0);
#2679=DIRECTION('',(0.956940341688497,0,-0.2902846576192115));
#2680=DIRECTION('',(0.8819215028098024,0,-0.4713962906957367));
#2681=DIRECTION('',(-0.923879637628679,0,0.382683178589157));
#2682=FACE_SURFACE('',(#2687),#2683,.T.);
#2683=PLANE('',#2684);
#2684=AXIS2_PLACEMENT_3D('',#64,#2685,#2686);
#2685=DIRECTION('',(0,1,0));
#2686=DIRECTION('',(0.7730101355559679,0,-0.6343936714121163));
#2687=FACE_BOUND('',#2688,.T.);
#2688=EDGE_LOOP('',(#2689,#2690,#2691));
#2689=ORIENTED_EDGE('',*,*,#2692,.T.);
#2690=ORIENTED_EDGE('',*,*,#2693,.T.);
#2691=ORIENTED_EDGE('',*,*,#2694,.T.);
#2692=EDGE_CURVE('',#65,#69,#2695,.F.);
#2693=EDGE_CURVE('',#69,#73,#2696,.T.);
#2694=EDGE_CURVE('',#73,#65,#2697,.T.);
#2695=LINE('',#64,#2698);
#2696=LINE('',#68,#2699);
#2697=LINE('',#72,#2700);
#2698=VECTOR('',#2701,1.0);
#2699=VECTOR('',#2702,1.0);
#2700=VECTOR('',#2703,1.0);
#2701=DIRECTION('',(0.7730101355559679,0,-0.6343936714121163));
#2702=DIRECTION('',(0.6343935969440057,0,-0.7730101966704234));
#2703=DIRECTION('',(-0.7071067811865476,0,0.7071067811865476));
#2704=FACE_SURFACE('',(#2709),#2705,.T.);
#2705=PLANE('',#2706);
#2706=AXIS2_PLACEMENT_3D('',#72,#2707,#2708);
#2707=DIRECTION('',(0,1,0));
#2708=DIRECTION('',(0.47139648873555984,0,-0.8819213969554118));
#2709=FACE_BOUND('',#2710,.T.);
#2710=EDGE_LOOP('',(#2711,#2712,#2713));
#2711=ORIENTED_EDGE('',*,*,#2714,.T.);
#2712=ORIENTED_EDGE('',*,*,#2715,.T.);
#2713=ORIENTED_EDGE('',*,*,#2716,.T.);
#2714=EDGE_CURVE('',#73,#77,#2717,.F.);
#2715=EDGE_CURVE('',#77,#81,#2718,.T.);
#2716=EDGE_CURVE('',#81,#73,#2719,.T.);
#2717=LINE('',#72,#2720);
#2718=LINE('',#76,#2721);
#2719=LINE('',#80,#2722);
#2720=VECTOR('',#2723,1.0);
#2721=VECTOR('',#2724,1.0);
#2722=VECTOR('',#2725,1.0);
#2723=DIRECTION('',(0.47139648873555984,0,-0.8819213969554118));
#2724=DIRECTION('',(0.2902846576192115,0,-0.956940341688497));
#2725=DIRECTION('',(-0.38268329674409013,0,0.9238795886873324));
#2726=FACE_SURFACE('',(#2731),#2727,.T.);
#2727=PLANE('',#2728);
#2728=AXIS2_PLACEMENT_3D('',#80,#2729,#2730);
#2729=DIRECTION('',(0,1,0));
#2730=DIRECTION('',(0.09801735671732917,0,-0.9951847053598382));
#2731=FACE_BOUND('',#2732,.T.);
#2732=EDGE_LOOP('',(#2733,#2734,#2735));
#2733=ORIENTED_EDGE('',*,*,#2736,.T.);
#2734=ORIENTED_EDGE('',*,*,#2737,.T.);
#2735=ORIENTED_EDGE('',*,*,#2738,.T.);
#2736=EDGE_CURVE('',#81,#85,#2739,.F.);
#2737=EDGE_CURVE('',#85,#89,#2740,.T.);
#2738=EDGE_CURVE('',#89,#81,#2741,.T.);
#2739=LINE('',#80,#2742);
#2740=LINE('',#84,#2743);
#2741=LINE('',#88,#2744);
#2742=VECTOR('',#2745,1.0);
#2743=VECTOR('',#2746,1.0);
#2744=VECTOR('',#2747,1.0);
#2745=DIRECTION('',(0.09801735671732917,0,-0.9951847053598382));
#2746=DIRECTION('',(-0.09801739061319704,0,-0.9951847020213785));
#2747=DIRECTION('',(0,0,1));
#2748=FACE_SURFACE('',(#2753),#2749,.T.);
#2749=PLANE('',#2750);
#2750=AXIS2_PLACEMENT_3D('',#88,#2751,#2752);
#2751=DIRECTION('',(0,1,0));
#2752=DIRECTION('',(-0.2902846093557028,0,-0.9569403563290697));
#2753=FACE_BOUND('',#2754,.T.);
#2754=EDGE_LOOP('',(#2755,#2756,#2757));
#2755=ORIENTED_EDGE('',*,*,#2758,.T.);
#2756=ORIENTED_EDGE('',*,*,#2759,.T.);
#2757=ORIENTED_EDGE('',*,*,#2760,.T.);
#2758=EDGE_CURVE('',#89,#93,#2761,.F.);
#2759=EDGE_CURVE('',#93,#97,#2762,.T.);
#2760=EDGE_CURVE('',#97,#89,#2763,.T.);
#2761=LINE('',#88,#2764);
#2762=LINE('',#92,#2765);
#2763=LINE('',#96,#2766);
#2764=VECTOR('',#2767,1.0);
#2765=VECTOR('',#2768,1.0);
#2766=VECTOR('',#2769,1.0);
#2767=DIRECTION('',(-0.2902846093557028,0,-0.9569403563290697));
#2768=DIRECTION('',(-0.47139656096699717,0,-0.8819213583469265));
#2769=DIRECTION('',(0.38268329674409013,0,0.9238795886873324));
#2770=FACE_SURFACE('',(#2775),#2771,.T.);
#2771=PLANE('',#2772);
#2772=AXIS2_PLACEMENT_3D('',#96,#2773,#2774);
#2773=DIRECTION('',(0,1,0));
#2774=DIRECTION('',(-0.6343932561325593,0,-0.7730104763672541));
#2775=FACE_BOUND('',#2776,.T.);
#2776=EDGE_LOOP('',(#2777,#2778,#2779));
#2777=ORIENTED_EDGE('',*,*,#2780,.T.);
#2778=ORIENTED_EDGE('',*,*,#2781,.T.);
#2779=ORIENTED_EDGE('',*,*,#2782,.T.);
#2780=EDGE_CURVE('',#97,#101,#2783,.F.);
#2781=EDGE_CURVE('',#101,#105,#2784,.T.);
#2782=EDGE_CURVE('',#105,#97,#2785,.T.);
#2783=LINE('',#96,#2786);
#2784=LINE('',#100,#2787);
#2785=LINE('',#104,#2788);
#2786=VECTOR('',#2789,1.0);
#2787=VECTOR('',#2790,1.0);
#2788=VECTOR('',#2791,1.0);
#2789=DIRECTION('',(-0.6343932561325593,0,-0.7730104763672541));
#2790=DIRECTION('',(-0.7730104763672541,0,-0.6343932561325593));
#2791=DIRECTION('',(0.7071067811865476,0,0.7071067811865476));
#2792=FACE_SURFACE('',(#2797),#2793,.T.);
#2793=PLANE('',#2794);
#2794=AXIS2_PLACEMENT_3D('',#104,#2795,#2796);
#2795=DIRECTION('',(0,1,0));
#2796=DIRECTION('',(-0.8819213583469265,0,-0.47139656096699717));
#2797=FACE_BOUND('',#2798,.T.);
#2798=EDGE_LOOP('',(#2799,#2800,#2801));
#2799=ORIENTED_EDGE('',*,*,#2802,.T.);
#2800=ORIENTED_EDGE('',*,*,#2803,.T.);
#2801=ORIENTED_EDGE('',*,*,#2804,.T.);
#2802=EDGE_CURVE('',#105,#109,#2805,.F.);
#2803=EDGE_CURVE('',#109,#113,#2806,.T.);
#2804=EDGE_CURVE('',#113,#105,#2807,.T.);
#2805=LINE('',#104,#2808);
#2806=LINE('',#108,#2809);
#2807=LINE('',#112,#2810);
#2808=VECTOR('',#2811,1.0);
#2809=VECTOR('',#2812,1.0);
#2810=VECTOR('',#2813,1.0);
#2811=DIRECTION('',(-0.8819213583469265,0,-0.47139656096699717));
#2812=DIRECTION('',(-0.956940341688497,0,-0.2902846576192115));
#2813=DIRECTION('',(0.9238795759036682,0,0.38268332760659723));
#2814=FACE_SURFACE('',(#2819),#2815,.T.);
#2815=PLANE('',#2816);
#2816=AXIS2_PLACEMENT_3D('',#112,#2817,#2818);
#2817=DIRECTION('',(0,1,0));
#2818=DIRECTION('',(-0.9951847036906087,0,-0.0980173736652602));
#2819=FACE_BOUND('',#2820,.T.);
#2820=EDGE_LOOP('',(#2821,#2822,#2823));
#2821=ORIENTED_EDGE('',*,*,#2824,.T.);
#2822=ORIENTED_EDGE('',*,*,#2825,.T.);
#2823=ORIENTED_EDGE('',*,*,#2826,.T.);
#2824=EDGE_CURVE('',#113,#117,#2827,.F.);
#2825=EDGE_CURVE('',#117,#121,#2828,.T.);
#2826=EDGE_CURVE('',#121,#113,#2829,.T.);
#2827=LINE('',#112,#2830);
#2828=LINE('',#116,#2831);
#2829=LINE('',#120,#2832);
#2830=VECTOR('',#2833,1.0);
#2831=VECTOR('',#2834,1.0);
#2832=VECTOR('',#2835,1.0);
#2833=DIRECTION('',(-0.9951847036906087,0,-0.0980173736652602));
#2834=DIRECTION('',(-0.9951847036906087,0,0.0980173736652602));
#2835=DIRECTION('',(1,0,0));
#2836=FACE_SURFACE('',(#2841),#2837,.T.);
#2837=PLANE('',#2838);
#2838=AXIS2_PLACEMENT_3D('',#120,#2839,#2840);
#2839=DIRECTION('',(0,1,0));
#2840=DIRECTION('',(-0.956940341688497,0,0.2902846576192115));
#2841=FACE_BOUND('',#2842,.T.);
#2842=EDGE_LOOP('',(#2843,#2844,#2845));
#2843=ORIENTED_EDGE('',*,*,#2846,.T.);
#2844=ORIENTED_EDGE('',*,*,#2847,.T.);
#2845=ORIENTED_EDGE('',*,*,#2848,.T.);
#2846=EDGE_CURVE('',#121,#125,#2849,.F.);
#2847=EDGE_CURVE('',#125,#129,#2850,.T.);
#2848=EDGE_CURVE('',#129,#121,#2851,.T.);
#2849=LINE('',#120,#2852);
#2850=LINE('',#124,#2853);
#2851=LINE('',#128,#2854);
#2852=VECTOR('',#2855,1.0);
#2853=VECTOR('',#2856,1.0);
#2854=VECTOR('',#2857,1.0);
#2855=DIRECTION('',(-0.956940341688497,0,0.2902846576192115));
#2856=DIRECTION('',(-0.8819213583469265,0,0.47139656096699717));
#2857=DIRECTION('',(0.9238795759036682,0,-0.38268332760659723));
#2858=FACE_SURFACE('',(#2863),#2859,.T.);
#2859=PLANE('',#2860);
#2860=AXIS2_PLACEMENT_3D('',#128,#2861,#2862);
#2861=DIRECTION('',(0,1,0));
#2862=DIRECTION('',(-0.7730104763672541,0,0.6343932561325593));
#2863=FACE_BOUND('',#2864,.T.);
#2864=EDGE_LOOP('',(#2865,#2866,#2867));
#2865=ORIENTED_EDGE('',*,*,#2868,.T.);
#2866=ORIENTED_EDGE('',*,*,#2869,.T.);
#2867=ORIENTED_EDGE('',*,*,#2870,.T.);
#2868=EDGE_CURVE('',#129,#133,#2871,.F.);
#2869=EDGE_CURVE('',#133,#137,#2872,.T.);
#2870=EDGE_CURVE('',#137,#129,#2873,.T.);
#2871=LINE('',#128,#2874);
#2872=LINE('',#132,#2875);
#2873=LINE('',#136,#2876);
#2874=VECTOR('',#2877,1.0);
#2875=VECTOR('',#2878,1.0);
#2876=VECTOR('',#2879,1.0);
#2877=DIRECTION('',(-0.7730104763672541,0,0.6343932561325593));
#2878=DIRECTION('',(-0.6343932561325593,0,0.7730104763672541));
#2879=DIRECTION('',(0.7071067811865476,0,-0.7071067811865476));
#2880=FACE_SURFACE('',(#2885),#2881,.T.);
#2881=PLANE('',#2882);
#2882=AXIS2_PLACEMENT_3D('',#136,#2883,#2884);
#2883=DIRECTION('',(0,1,0));
#2884=DIRECTION('',(-0.47139656096699717,0,0.8819213583469265));
#2885=FACE_BOUND('',#2886,.T.);
#2886=EDGE_LOOP('',(#2887,#2888,#2889));
#2887=ORIENTED_EDGE('',*,*,#2890,.T.);
#2888=ORIENTED_EDGE('',*,*,#2891,.T.);
#2889=ORIENTED_EDGE('',*,*,#2892,.T.);
#2890=EDGE_CURVE('',#137,#141,#2893,.F.);
#2891=EDGE_CURVE('',#141,#145,#2894,.T.);
#2892=EDGE_CURVE('',#145,#137,#2895,.T.);
#2893=LINE('',#136,#2896);
#2894=LINE('',#140,#2897);
#2895=LINE('',#144,#2898);
#2896=VECTOR('',#2899,1.0);
#2897=VECTOR('',#2900,1.0);
#2898=VECTOR('',#2901,1.0);
#2899=DIRECTION('',(-0.47139656096699717,0,0.8819213583469265));
#2900=DIRECTION('',(-0.2902846093557028,0,0.9569403563290697));
#2901=DIRECTION('',(0.38268329674409013,0,-0.9238795886873324));
#2902=FACE_SURFACE('',(#2907),#2903,.T.);
#2903=PLANE('',#2904);
#2904=AXIS2_PLACEMENT_3D('',#144,#2905,#2906);
#2905=DIRECTION('',(0,1,-0));
#2906=DIRECTION('',(-0.09801739061319704,0,0.9951847020213785));
#2907=FACE_BOUND('',#2908,.T.);
#2908=EDGE_LOOP('',(#2909,#2910,#2911));
#2909=ORIENTED_EDGE('',*,*,#2912,.T.);
#2910=ORIENTED_EDGE('',*,*,#2913,.T.);
#2911=ORIENTED_EDGE('',*,*,#2914,.T.);
#2912=EDGE_CURVE('',#145,#149,#2915,.F.);
#2913=EDGE_CURVE('',#149,#153,#2916,.T.);
#2914=EDGE_CURVE('',#153,#145,#2917,.T.);
#2915=LINE('',#144,#2918);
#2916=LINE('',#148,#2919);
#2917=LINE('',#152,#2920);
#2918=VECTOR('',#2921,1.0);
#2919=VECTOR('',#2922,1.0);
#2920=VECTOR('',#2923,1.0);
#2921=DIRECTION('',(-0.09801739061319704,0,0.9951847020213785));
#2922=DIRECTION('',(0.09801735671732917,0,0.9951847053598382));
#2923=DIRECTION('',(0,0,-1));
#2924=FACE_SURFACE('',(#2929),#2925,.T.);
#2925=PLANE('',#2926);
#2926=AXIS2_PLACEMENT_3D('',#152,#2927,#2928);
#2927=DIRECTION('',(0,1,0));
#2928=DIRECTION('',(0.2902846576192115,0,0.956940341688497));
#2929=FACE_BOUND('',#2930,.T.);
#2930=EDGE_LOOP('',(#2931,#2932,#2933));
#2931=ORIENTED_EDGE('',*,*,#2934,.T.);
#2932=ORIENTED_EDGE('',*,*,#2935,.T.);
#2933=ORIENTED_EDGE('',*,*,#2936,.T.);
#2934=EDGE_CURVE('',#153,#157,#2937,.F.);
#2935=EDGE_CURVE('',#157,#161,#2938,.T.);
#2936=EDGE_CURVE('',#161,#153,#2939,.T.);
#2937=LINE('',#152,#2940);
#2938=LINE('',#156,#2941);
#2939=LINE('',#160,#2942);
#2940=VECTOR('',#2943,1.0);
#2941=VECTOR('',#2944,1.0);
#2942=VECTOR('',#2945,1.0);
#2943=DIRECTION('',(0.2902846576192115,0,0.956940341688497));
#2944=DIRECTION('',(0.47139648873555984,0,0.8819213969554118));
#2945=DIRECTION('',(-0.38268329674409013,0,-0.9238795886873324));
#2946=FACE_SURFACE('',(#2951),#2947,.T.);
#2947=PLANE('',#2948);
#2948=AXIS2_PLACEMENT_3D('',#160,#2949,#2950);
#2949=DIRECTION('',(0,1,0));
#2950=DIRECTION('',(0.6343935969440057,0,0.7730101966704234));
#2951=FACE_BOUND('',#2952,.T.);
#2952=EDGE_LOOP('',(#2953,#2954,#2955));
#2953=ORIENTED_EDGE('',*,*,#2956,.T.);
#2954=ORIENTED_EDGE('',*,*,#2957,.T.);
#2955=ORIENTED_EDGE('',*,*,#2958,.T.);
#2956=EDGE_CURVE('',#161,#165,#2959,.F.);
#2957=EDGE_CURVE('',#165,#169,#2960,.T.);
#2958=EDGE_CURVE('',#169,#161,#2961,.T.);
#2959=LINE('',#160,#2962);
#2960=LINE('',#164,#2963);
#2961=LINE('',#168,#2964);
#2962=VECTOR('',#2965,1.0);
#2963=VECTOR('',#2966,1.0);
#2964=VECTOR('',#2967,1.0);
#2965=DIRECTION('',(0.6343935969440057,0,0.7730101966704234));
#2966=DIRECTION('',(0.7730101355559679,0,0.6343936714121163));
#2967=DIRECTION('',(-0.7071067811865476,0,-0.7071067811865476));
#2968=FACE_SURFACE('',(#2973),#2969,.T.);
#2969=PLANE('',#2970);
#2970=AXIS2_PLACEMENT_3D('',#168,#2971,#2972);
#2971=DIRECTION('',(0,1,0));
#2972=DIRECTION('',(0.8819215028098024,0,0.4713962906957367));
#2973=FACE_BOUND('',#2974,.T.);
#2974=EDGE_LOOP('',(#2975,#2976,#2977));
#2975=ORIENTED_EDGE('',*,*,#2978,.T.);
#2976=ORIENTED_EDGE('',*,*,#2979,.T.);
#2977=ORIENTED_EDGE('',*,*,#2980,.T.);
#2978=EDGE_CURVE('',#169,#173,#2981,.F.);
#2979=EDGE_CURVE('',#173,#177,#2982,.T.);
#2980=EDGE_CURVE('',#177,#169,#2983,.T.);
#2981=LINE('',#168,#2984);
#2982=LINE('',#172,#2985);
#2983=LINE('',#176,#2986);
#2984=VECTOR('',#2987,1.0);
#2985=VECTOR('',#2988,1.0);
#2986=VECTOR('',#2989,1.0);
#2987=DIRECTION('',(0.8819215028098024,0,0.4713962906957367));
#2988=DIRECTION('',(0.956940341688497,0,0.2902846576192115));
#2989=DIRECTION('',(-0.923879637628679,0,-0.382683178589157));
#2990=FACE_SURFACE('',(#2995),#2991,.T.);
#2991=PLANE('',#2992);
#2992=AXIS2_PLACEMENT_3D('',#176,#2993,#2994);
#2993=DIRECTION('',(-0,1,0));
#2994=DIRECTION('',(1,0,0));
#2995=FACE_BOUND('',#2996,.T.);
#2996=EDGE_LOOP('',(#2997,#2998,#2999));
#2997=ORIENTED_EDGE('',*,*,#3000,.T.);
#2998=ORIENTED_EDGE('',*,*,#3001,.T.);
#2999=ORIENTED_EDGE('',*,*,#3002,.T.);
#3000=EDGE_CURVE('',#177,#57,#3003,.F.);
#3001=EDGE_CURVE('',#57,#65,#3004,.T.);
#3002=EDGE_CURVE('',#65,#177,#3005,.T.);
#3003=LINE('',#176,#3006);
#3004=LINE('',#56,#3007);
#3005=LINE('',#64,#3008);
#3006=VECTOR('',#3009,1.0);
#3007=VECTOR('',#3010,1.0);
#3008=VECTOR('',#3011,1.0);
#3009=DIRECTION('',(1,0,0));
#3010=DIRECTION('',(0.923879637628679,0,-0.382683178589157));
#3011=DIRECTION('',(-0.9807853087635581,0,0.19509017943907928));
#3012=FACE_SURFACE('',(#3017),#3013,.T.);
#3013=PLANE('',#3014);
#3014=AXIS2_PLACEMENT_3D('',#64,#3015,#3016);
#3015=DIRECTION('',(0,1,0));
#3016=DIRECTION('',(0.7071067811865476,0,-0.7071067811865476));
#3017=FACE_BOUND('',#3018,.T.);
#3018=EDGE_LOOP('',(#3019,#3020,#3021));
#3019=ORIENTED_EDGE('',*,*,#3022,.T.);
#3020=ORIENTED_EDGE('',*,*,#3023,.T.);
#3021=ORIENTED_EDGE('',*,*,#3024,.T.);
#3022=EDGE_CURVE('',#65,#73,#3025,.F.);
#3023=EDGE_CURVE('',#73,#81,#3026,.T.);
#3024=EDGE_CURVE('',#81,#65,#3027,.T.);
#3025=LINE('',#64,#3028);
#3026=LINE('',#72,#3029);
#3027=LINE('',#80,#3030);
#3028=VECTOR('',#3031,1.0);
#3029=VECTOR('',#3032,1.0);
#3030=VECTOR('',#3033,1.0);
#3031=DIRECTION('',(0.7071067811865476,0,-0.7071067811865476));
#3032=DIRECTION('',(0.38268329674409013,0,-0.9238795886873324));
#3033=DIRECTION('',(-0.5555701528235114,0,0.8314696658878543));
#3034=FACE_SURFACE('',(#3039),#3035,.T.);
#3035=PLANE('',#3036);
#3036=AXIS2_PLACEMENT_3D('',#80,#3037,#3038);
#3037=DIRECTION('',(0,1,0));
#3038=DIRECTION('',(0,0,-1));
#3039=FACE_BOUND('',#3040,.T.);
#3040=EDGE_LOOP('',(#3041,#3042,#3043));
#3041=ORIENTED_EDGE('',*,*,#3044,.T.);
#3042=ORIENTED_EDGE('',*,*,#3045,.T.);
#3043=ORIENTED_EDGE('',*,*,#3046,.T.);
#3044=EDGE_CURVE('',#81,#89,#3047,.F.);
#3045=EDGE_CURVE('',#89,#97,#3048,.T.);
#3046=EDGE_CURVE('',#97,#81,#3049,.T.);
#3047=LINE('',#80,#3050);
#3048=LINE('',#88,#3051);
#3049=LINE('',#96,#3052);
#3050=VECTOR('',#3053,1.0);
#3051=VECTOR('',#3054,1.0);
#3052=VECTOR('',#3055,1.0);
#3053=DIRECTION('',(0,0,-1));
#3054=DIRECTION('',(-0.38268329674409013,0,-0.9238795886873324));
#3055=DIRECTION('',(0.1950902565392156,0,0.9807852934273958));
#3056=FACE_SURFACE('',(#3061),#3057,.T.);
#3057=PLANE('',#3058);
#3058=AXIS2_PLACEMENT_3D('',#96,#3059,#3060);
#3059=DIRECTION('',(0,1,0));
#3060=DIRECTION('',(-0.7071067811865476,0,-0.7071067811865476));
#3061=FACE_BOUND('',#3062,.T.);
#3062=EDGE_LOOP('',(#3063,#3064,#3065));
#3063=ORIENTED_EDGE('',*,*,#3066,.T.);
#3064=ORIENTED_EDGE('',*,*,#3067,.T.);
#3065=ORIENTED_EDGE('',*,*,#3068,.T.);
#3066=EDGE_CURVE('',#97,#105,#3069,.F.);
#3067=EDGE_CURVE('',#105,#113,#3070,.T.);
#3068=EDGE_CURVE('',#113,#97,#3071,.T.);
#3069=LINE('',#96,#3072);
#3070=LINE('',#104,#3073);
#3071=LINE('',#112,#3074);
#3072=VECTOR('',#3075,1.0);
#3073=VECTOR('',#3076,1.0);
#3074=VECTOR('',#3077,1.0);
#3075=DIRECTION('',(-0.7071067811865476,0,-0.7071067811865476));
#3076=DIRECTION('',(-0.9238795759036682,0,-0.38268332760659723));
#3077=DIRECTION('',(0.8314696521521717,0,0.5555701733804169));
#3078=FACE_SURFACE('',(#3083),#3079,.T.);
#3079=PLANE('',#3080);
#3080=AXIS2_PLACEMENT_3D('',#112,#3081,#3082);
#3081=DIRECTION('',(0,1,0));
#3082=DIRECTION('',(-1,0,0));
#3083=FACE_BOUND('',#3084,.T.);
#3084=EDGE_LOOP('',(#3085,#3086,#3087));
#3085=ORIENTED_EDGE('',*,*,#3088,.T.);
#3086=ORIENTED_EDGE('',*,*,#3089,.T.);
#3087=ORIENTED_EDGE('',*,*,#3090,.T.);
#3088=EDGE_CURVE('',#113,#121,#3091,.F.);
#3089=EDGE_CURVE('',#121,#129,#3092,.T.);
#3090=EDGE_CURVE('',#129,#113,#3093,.T.);
#3091=LINE('',#112,#3094);
#3092=LINE('',#120,#3095);
#3093=LINE('',#128,#3096);
#3094=VECTOR('',#3097,1.0);
#3095=VECTOR('',#3098,1.0);
#3096=VECTOR('',#3099,1.0);
#3097=DIRECTION('',(-1,0,0));
#3098=DIRECTION('',(-0.9238795759036682,0,0.38268332760659723));
#3099=DIRECTION('',(0.9807852917336682,0,-0.1950902650541618));
#3100=FACE_SURFACE('',(#3105),#3101,.T.);
#3101=PLANE('',#3102);
#3102=AXIS2_PLACEMENT_3D('',#128,#3103,#3104);
#3103=DIRECTION('',(0,1,0));
#3104=DIRECTION('',(-0.7071067811865476,0,0.7071067811865476));
#3105=FACE_BOUND('',#3106,.T.);
#3106=EDGE_LOOP('',(#3107,#3108,#3109));
#3107=ORIENTED_EDGE('',*,*,#3110,.T.);
#3108=ORIENTED_EDGE('',*,*,#3111,.T.);
#3109=ORIENTED_EDGE('',*,*,#3112,.T.);
#3110=EDGE_CURVE('',#129,#137,#3113,.F.);
#3111=EDGE_CURVE('',#137,#145,#3114,.T.);
#3112=EDGE_CURVE('',#145,#129,#3115,.T.);
#3113=LINE('',#128,#3116);
#3114=LINE('',#136,#3117);
#3115=LINE('',#144,#3118);
#3116=VECTOR('',#3119,1.0);
#3117=VECTOR('',#3120,1.0);
#3118=VECTOR('',#3121,1.0);
#3119=DIRECTION('',(-0.7071067811865476,0,0.7071067811865476));
#3120=DIRECTION('',(-0.38268329674409013,0,0.9238795886873324));
#3121=DIRECTION('',(0.5555701528235114,0,-0.8314696658878543));
#3122=FACE_SURFACE('',(#3127),#3123,.T.);
#3123=PLANE('',#3124);
#3124=AXIS2_PLACEMENT_3D('',#144,#3125,#3126);
#3125=DIRECTION('',(0,1,0));
#3126=DIRECTION('',(0,0,1));
#3127=FACE_BOUND('',#3128,.T.);
#3128=EDGE_LOOP('',(#3129,#3130,#3131));
#3129=ORIENTED_EDGE('',*,*,#3132,.T.);
#3130=ORIENTED_EDGE('',*,*,#3133,.T.);
#3131=ORIENTED_EDGE('',*,*,#3134,.T.);
#3132=EDGE_CURVE('',#145,#153,#3135,.F.);
#3133=EDGE_CURVE('',#153,#161,#3136,.T.);
#3134=EDGE_CURVE('',#161,#145,#3137,.T.);
#3135=LINE('',#144,#3138);
#3136=LINE('',#152,#3139);
#3137=LINE('',#160,#3140);
#3138=VECTOR('',#3141,1.0);
#3139=VECTOR('',#3142,1.0);
#3140=VECTOR('',#3143,1.0);
#3141=DIRECTION('',(0,0,1));
#3142=DIRECTION('',(0.38268329674409013,0,0.9238795886873324));
#3143=DIRECTION('',(-0.1950902565392156,0,-0.9807852934273958));
#3144=FACE_SURFACE('',(#3149),#3145,.T.);
#3145=PLANE('',#3146);
#3146=AXIS2_PLACEMENT_3D('',#160,#3147,#3148);
#3147=DIRECTION('',(0,1,0));
#3148=DIRECTION('',(0.7071067811865476,0,0.7071067811865476));
#3149=FACE_BOUND('',#3150,.T.);
#3150=EDGE_LOOP('',(#3151,#3152,#3153));
#3151=ORIENTED_EDGE('',*,*,#3154,.T.);
#3152=ORIENTED_EDGE('',*,*,#3155,.T.);
#3153=ORIENTED_EDGE('',*,*,#3156,.T.);
#3154=EDGE_CURVE('',#161,#169,#3157,.F.);
#3155=EDGE_CURVE('',#169,#177,#3158,.T.);
#3156=EDGE_CURVE('',#177,#161,#3159,.T.);
#3157=LINE('',#160,#3160);
#3158=LINE('',#168,#3161);
#3159=LINE('',#176,#3162);
#3160=VECTOR('',#3163,1.0);
#3161=VECTOR('',#3164,1.0);
#3162=VECTOR('',#3165,1.0);
#3163=DIRECTION('',(0.7071067811865476,0,0.7071067811865476));
#3164=DIRECTION('',(0.923879637628679,0,0.382683178589157));
#3165=DIRECTION('',(-0.8314696932659839,0,-0.5555701118492343));
#3166=FACE_SURFACE('',(#3171),#3167,.T.);
#3167=PLANE('',#3168);
#3168=AXIS2_PLACEMENT_3D('',#176,#3169,#3170);
#3169=DIRECTION('',(0,1,0));
#3170=DIRECTION('',(0.9807853087635581,0,-0.19509017943907928));
#3171=FACE_BOUND('',#3172,.T.);
#3172=EDGE_LOOP('',(#3173,#3174,#3175));
#3173=ORIENTED_EDGE('',*,*,#3176,.T.);
#3174=ORIENTED_EDGE('',*,*,#3177,.T.);
#3175=ORIENTED_EDGE('',*,*,#3178,.T.);
#3176=EDGE_CURVE('',#177,#65,#3179,.F.);
#3177=EDGE_CURVE('',#65,#81,#3180,.T.);
#3178=EDGE_CURVE('',#81,#177,#3181,.T.);
#3179=LINE('',#176,#3182);
#3180=LINE('',#64,#3183);
#3181=LINE('',#80,#3184);
#3182=VECTOR('',#3185,1.0);
#3183=VECTOR('',#3186,1.0);
#3184=VECTOR('',#3187,1.0);
#3185=DIRECTION('',(0.9807853087635581,0,-0.19509017943907928));
#3186=DIRECTION('',(0.5555701528235114,0,-0.8314696658878543));
#3187=DIRECTION('',(-0.8314696317271347,0,0.5555702039486486));
#3188=FACE_SURFACE('',(#3193),#3189,.T.);
#3189=PLANE('',#3190);
#3190=AXIS2_PLACEMENT_3D('',#80,#3191,#3192);
#3191=DIRECTION('',(0,1,0));
#3192=DIRECTION('',(-0.1950902565392156,0,-0.9807852934273958));
#3193=FACE_BOUND('',#3194,.T.);
#3194=EDGE_LOOP('',(#3195,#3196,#3197));
#3195=ORIENTED_EDGE('',*,*,#3198,.T.);
#3196=ORIENTED_EDGE('',*,*,#3199,.T.);
#3197=ORIENTED_EDGE('',*,*,#3200,.T.);
#3198=EDGE_CURVE('',#81,#97,#3201,.F.);
#3199=EDGE_CURVE('',#97,#113,#3202,.T.);
#3200=EDGE_CURVE('',#113,#81,#3203,.T.);
#3201=LINE('',#80,#3204);
#3202=LINE('',#96,#3205);
#3203=LINE('',#112,#3206);
#3204=VECTOR('',#3207,1.0);
#3205=VECTOR('',#3208,1.0);
#3206=VECTOR('',#3209,1.0);
#3207=DIRECTION('',(-0.1950902565392156,0,-0.9807852934273958));
#3208=DIRECTION('',(-0.8314696521521717,0,-0.5555701733804169));
#3209=DIRECTION('',(0.5555702094735465,0,0.8314696280355162));
#3210=FACE_SURFACE('',(#3215),#3211,.T.);
#3211=PLANE('',#3212);
#3212=AXIS2_PLACEMENT_3D('',#112,#3213,#3214);
#3213=DIRECTION('',(0,1,0));
#3214=DIRECTION('',(-0.9807852917336682,0,0.1950902650541618));
#3215=FACE_BOUND('',#3216,.T.);
#3216=EDGE_LOOP('',(#3217,#3218,#3219));
#3217=ORIENTED_EDGE('',*,*,#3220,.T.);
#3218=ORIENTED_EDGE('',*,*,#3221,.T.);
#3219=ORIENTED_EDGE('',*,*,#3222,.T.);
#3220=EDGE_CURVE('',#113,#129,#3223,.F.);
#3221=EDGE_CURVE('',#129,#145,#3224,.T.);
#3222=EDGE_CURVE('',#145,#113,#3225,.T.);
#3223=LINE('',#112,#3226);
#3224=LINE('',#128,#3227);
#3225=LINE('',#144,#3228);
#3226=VECTOR('',#3229,1.0);
#3227=VECTOR('',#3230,1.0);
#3228=VECTOR('',#3231,1.0);
#3229=DIRECTION('',(-0.9807852917336682,0,0.1950902650541618));
#3230=DIRECTION('',(-0.5555701528235114,0,0.8314696658878543));
#3231=DIRECTION('',(0.8314696094764993,0,-0.5555702372490788));
#3232=FACE_SURFACE('',(#3237),#3233,.T.);
#3233=PLANE('',#3234);
#3234=AXIS2_PLACEMENT_3D('',#144,#3235,#3236);
#3235=DIRECTION('',(0,1,0));
#3236=DIRECTION('',(0.1950902565392156,0,0.9807852934273958));
#3237=FACE_BOUND('',#3238,.T.);
#3238=EDGE_LOOP('',(#3239,#3240,#3241));
#3239=ORIENTED_EDGE('',*,*,#3242,.T.);
#3240=ORIENTED_EDGE('',*,*,#3243,.T.);
#3241=ORIENTED_EDGE('',*,*,#3244,.T.);
#3242=EDGE_CURVE('',#145,#161,#3245,.F.);
#3243=EDGE_CURVE('',#161,#177,#3246,.T.);
#3244=EDGE_CURVE('',#177,#145,#3247,.T.);
#3245=LINE('',#144,#3248);
#3246=LINE('',#160,#3249);
#3247=LINE('',#176,#3250);
#3248=VECTOR('',#3251,1.0);
#3249=VECTOR('',#3252,1.0);
#3250=VECTOR('',#3253,1.0);
#3251=DIRECTION('',(0.1950902565392156,0,0.9807852934273958));
#3252=DIRECTION('',(0.8314696932659839,0,0.5555701118492343));
#3253=DIRECTION('',(-0.555570231724182,0,-0.8314696131681174));
#3254=FACE_SURFACE('',(#3259),#3255,.T.);
#3255=PLANE('',#3256);
#3256=AXIS2_PLACEMENT_3D('',#176,#3257,#3258);
#3257=DIRECTION('',(0,1,0));
#3258=DIRECTION('',(0.8314696317271347,0,-0.5555702039486486));
#3259=FACE_BOUND('',#3260,.T.);
#3260=EDGE_LOOP('',(#3261,#3262,#3263));
#3261=ORIENTED_EDGE('',*,*,#3264,.T.);
#3262=ORIENTED_EDGE('',*,*,#3265,.T.);
#3263=ORIENTED_EDGE('',*,*,#3266,.T.);
#3264=EDGE_CURVE('',#177,#81,#3267,.F.);
#3265=EDGE_CURVE('',#81,#113,#3268,.T.);
#3266=EDGE_CURVE('',#113,#177,#3269,.T.);
#3267=LINE('',#176,#3270);
#3268=LINE('',#80,#3271);
#3269=LINE('',#112,#3272);
#3270=VECTOR('',#3273,1.0);
#3271=VECTOR('',#3274,1.0);
#3272=VECTOR('',#3275,1.0);
#3273=DIRECTION('',(0.8314696317271347,0,-0.5555702039486486));
#3274=DIRECTION('',(-0.5555702094735465,0,-0.8314696280355162));
#3275=DIRECTION('',(-0.19509033666738781,0,0.9807852774889136));
#3276=FACE_SURFACE('',(#3281),#3277,.T.);
#3277=PLANE('',#3278);
#3278=AXIS2_PLACEMENT_3D('',#112,#3279,#3280);
#3279=DIRECTION('',(0,1,0));
#3280=DIRECTION('',(-0.8314696094764993,0,0.5555702372490788));
#3281=FACE_BOUND('',#3282,.T.);
#3282=EDGE_LOOP('',(#3283,#3284,#3285));
#3283=ORIENTED_EDGE('',*,*,#3286,.T.);
#3284=ORIENTED_EDGE('',*,*,#3287,.T.);
#3285=ORIENTED_EDGE('',*,*,#3288,.T.);
#3286=EDGE_CURVE('',#113,#145,#3289,.F.);
#3287=EDGE_CURVE('',#145,#177,#3290,.T.);
#3288=EDGE_CURVE('',#177,#113,#3291,.T.);
#3289=LINE('',#112,#3292);
#3290=LINE('',#144,#3293);
#3291=LINE('',#176,#3294);
#3292=VECTOR('',#3295,1.0);
#3293=VECTOR('',#3296,1.0);
#3294=VECTOR('',#3297,1.0);
#3295=DIRECTION('',(-0.8314696094764993,0,0.5555702372490788));
#3296=DIRECTION('',(0.555570231724182,0,0.8314696131681174));
#3297=DIRECTION('',(0.19509033666738781,0,-0.9807852774889136));
#3298=FACE_SURFACE('',(#3303),#3299,.T.);
#3299=PLANE('',#3300);
#3300=AXIS2_PLACEMENT_3D('',#178,#3301,#3302);
#3301=DIRECTION('',(0.0980166874842775,0,0.9951847712734603));
#3302=DIRECTION('',(0,-1,0));
#3303=FACE_BOUND('',#3304,.T.);
#3304=EDGE_LOOP('',(#3305,#3306,#3307));
#3305=ORIENTED_EDGE('',*,*,#3308,.T.);
#3306=ORIENTED_EDGE('',*,*,#3309,.T.);
#3307=ORIENTED_EDGE('',*,*,#3310,.T.);
#3308=EDGE_CURVE('',#179,#181,#3311,.F.);
#3309=EDGE_CURVE('',#181,#183,#3312,.T.);
#3310=EDGE_CURVE('',#183,#179,#3313,.T.);
#3311=LINE('',#178,#3314);
#3312=LINE('',#180,#3315);
#3313=LINE('',#182,#3316);
#3314=VECTOR('',#3317,1.0);
#3315=VECTOR('',#3318,1.0);
#3316=VECTOR('',#3319,1.0);
#3317=DIRECTION('',(0,-1,0));
#3318=DIRECTION('',(0.9951847712734603,0,-0.0980166874842775));
#3319=DIRECTION('',(-0.03898811042197234,0.9992322962312645,0.003839975796597961));
#3320=FACE_SURFACE('',(#3325),#3321,.T.);
#3321=PLANE('',#3322);
#3322=AXIS2_PLACEMENT_3D('',#178,#3323,#3324);
#3323=DIRECTION('',(0.0980166874842775,0,0.9951847712734603));
#3324=DIRECTION('',(0.03898811042197234,-0.9992322962312645,-0.003839975796597961));
#3325=FACE_BOUND('',#3326,.T.);
#3326=EDGE_LOOP('',(#3327,#3328,#3329));
#3327=ORIENTED_EDGE('',*,*,#3330,.T.);
#3328=ORIENTED_EDGE('',*,*,#3331,.T.);
#3329=ORIENTED_EDGE('',*,*,#3332,.T.);
#3330=EDGE_CURVE('',#179,#183,#3333,.F.);
#3331=EDGE_CURVE('',#183,#185,#3334,.T.);
#3332=EDGE_CURVE('',#185,#179,#3335,.T.);
#3333=LINE('',#178,#3336);
#3334=LINE('',#182,#3337);
#3335=LINE('',#184,#3338);
#3336=VECTOR('',#3339,1.0);
#3337=VECTOR('',#3340,1.0);
#3338=VECTOR('',#3341,1.0);
#3339=DIRECTION('',(0.03898811042197234,-0.9992322962312645,-0.003839975796597961));
#3340=DIRECTION('',(0,1,0));
#3341=DIRECTION('',(-0.9951847712734603,0,0.0980166874842775));
#3342=FACE_SURFACE('',(#3347),#3343,.T.);
#3343=PLANE('',#3344);
#3344=AXIS2_PLACEMENT_3D('',#184,#3345,#3346);
#3345=DIRECTION('',(0.29028463952039396,0,0.9569403471787126));
#3346=DIRECTION('',(0,-1,0));
#3347=FACE_BOUND('',#3348,.T.);
#3348=EDGE_LOOP('',(#3349,#3350,#3351));
#3349=ORIENTED_EDGE('',*,*,#3352,.T.);
#3350=ORIENTED_EDGE('',*,*,#3353,.T.);
#3351=ORIENTED_EDGE('',*,*,#3354,.T.);
#3352=EDGE_CURVE('',#185,#183,#3355,.F.);
#3353=EDGE_CURVE('',#183,#187,#3356,.T.);
#3354=EDGE_CURVE('',#187,#185,#3357,.T.);
#3355=LINE('',#184,#3358);
#3356=LINE('',#182,#3359);
#3357=LINE('',#186,#3360);
#3358=VECTOR('',#3361,1.0);
#3359=VECTOR('',#3362,1.0);
#3360=VECTOR('',#3363,1.0);
#3361=DIRECTION('',(0,-1,0));
#3362=DIRECTION('',(0.9569403471787125,0,-0.29028463952039396));
#3363=DIRECTION('',(-0.037489823252449955,0.9992322960148983,0.011372411938325687));
#3364=FACE_SURFACE('',(#3369),#3365,.T.);
#3365=PLANE('',#3366);
#3366=AXIS2_PLACEMENT_3D('',#184,#3367,#3368);
#3367=DIRECTION('',(0.29028463952039396,0,0.9569403471787126));
#3368=DIRECTION('',(0.037489823252449955,-0.9992322960148983,-0.011372411938325687));
#3369=FACE_BOUND('',#3370,.T.);
#3370=EDGE_LOOP('',(#3371,#3372,#3373));
#3371=ORIENTED_EDGE('',*,*,#3374,.T.);
#3372=ORIENTED_EDGE('',*,*,#3375,.T.);
#3373=ORIENTED_EDGE('',*,*,#3376,.T.);
#3374=EDGE_CURVE('',#185,#187,#3377,.F.);
#3375=EDGE_CURVE('',#187,#189,#3378,.T.);
#3376=EDGE_CURVE('',#189,#185,#3379,.T.);
#3377=LINE('',#184,#3380);
#3378=LINE('',#186,#3381);
#3379=LINE('',#188,#3382);
#3380=VECTOR('',#3383,1.0);
#3381=VECTOR('',#3384,1.0);
#3382=VECTOR('',#3385,1.0);
#3383=DIRECTION('',(0.037489823252449955,-0.9992322960148983,-0.011372411938325687));
#3384=DIRECTION('',(0,1,0));
#3385=DIRECTION('',(-0.9569403471787125,0,0.29028463952039396));
#3386=FACE_SURFACE('',(#3391),#3387,.T.);
#3387=PLANE('',#3388);
#3388=AXIS2_PLACEMENT_3D('',#188,#3389,#3390);
#3389=DIRECTION('',(0.4713974259536121,0,0.8819208960016248));
#3390=DIRECTION('',(0,-1,0));
#3391=FACE_BOUND('',#3392,.T.);
#3392=EDGE_LOOP('',(#3393,#3394,#3395));
#3393=ORIENTED_EDGE('',*,*,#3396,.T.);
#3394=ORIENTED_EDGE('',*,*,#3397,.T.);
#3395=ORIENTED_EDGE('',*,*,#3398,.T.);
#3396=EDGE_CURVE('',#189,#187,#3399,.F.);
#3397=EDGE_CURVE('',#187,#191,#3400,.T.);
#3398=EDGE_CURVE('',#191,#189,#3401,.T.);
#3399=LINE('',#188,#3402);
#3400=LINE('',#186,#3403);
#3401=LINE('',#190,#3404);
#3402=VECTOR('',#3405,1.0);
#3403=VECTOR('',#3406,1.0);
#3404=VECTOR('',#3407,1.0);
#3405=DIRECTION('',(0,-1,0));
#3406=DIRECTION('',(0.8819208960016248,0,-0.47139742595361206));
#3407=DIRECTION('',(-0.0345508125806916,0.9992322956398757,0.018467828791658078));
#3408=FACE_SURFACE('',(#3413),#3409,.T.);
#3409=PLANE('',#3410);
#3410=AXIS2_PLACEMENT_3D('',#188,#3411,#3412);
#3411=DIRECTION('',(0.4713974259536121,0,0.8819208960016248));
#3412=DIRECTION('',(0.0345508125806916,-0.9992322956398757,-0.018467828791658078));
#3413=FACE_BOUND('',#3414,.T.);
#3414=EDGE_LOOP('',(#3415,#3416,#3417));
#3415=ORIENTED_EDGE('',*,*,#3418,.T.);
#3416=ORIENTED_EDGE('',*,*,#3419,.T.);
#3417=ORIENTED_EDGE('',*,*,#3420,.T.);
#3418=EDGE_CURVE('',#189,#191,#3421,.F.);
#3419=EDGE_CURVE('',#191,#193,#3422,.T.);
#3420=EDGE_CURVE('',#193,#189,#3423,.T.);
#3421=LINE('',#188,#3424);
#3422=LINE('',#190,#3425);
#3423=LINE('',#192,#3426);
#3424=VECTOR('',#3427,1.0);
#3425=VECTOR('',#3428,1.0);
#3426=VECTOR('',#3429,1.0);
#3427=DIRECTION('',(0.0345508125806916,-0.9992322956398757,-0.018467828791658078));
#3428=DIRECTION('',(0,1,0));
#3429=DIRECTION('',(-0.8819208960016248,0,0.47139742595361206));
#3430=FACE_SURFACE('',(#3435),#3431,.T.);
#3431=PLANE('',#3432);
#3432=AXIS2_PLACEMENT_3D('',#192,#3433,#3434);
#3433=DIRECTION('',(0.6343936927128198,0,0.7730101180749139));
#3434=DIRECTION('',(0,-1,0));
#3435=FACE_BOUND('',#3436,.T.);
#3436=EDGE_LOOP('',(#3437,#3438,#3439));
#3437=ORIENTED_EDGE('',*,*,#3440,.T.);
#3438=ORIENTED_EDGE('',*,*,#3441,.T.);
#3439=ORIENTED_EDGE('',*,*,#3442,.T.);
#3440=EDGE_CURVE('',#193,#191,#3443,.F.);
#3441=EDGE_CURVE('',#191,#195,#3444,.T.);
#3442=EDGE_CURVE('',#195,#193,#3445,.T.);
#3443=LINE('',#192,#3446);
#3444=LINE('',#190,#3447);
#3445=LINE('',#194,#3448);
#3446=VECTOR('',#3449,1.0);
#3447=VECTOR('',#3450,1.0);
#3448=VECTOR('',#3451,1.0);
#3449=DIRECTION('',(0,-1,0));
#3450=DIRECTION('',(0.7730101180749139,0,-0.6343936927128199));
#3451=DIRECTION('',(-0.030284037812477006,0.9992322957520475,0.02485349431900978));
#3452=FACE_SURFACE('',(#3457),#3453,.T.);
#3453=PLANE('',#3454);
#3454=AXIS2_PLACEMENT_3D('',#192,#3455,#3456);
#3455=DIRECTION('',(0.6343936927128198,0,0.7730101180749139));
#3456=DIRECTION('',(0.030284037812477006,-0.9992322957520475,-0.02485349431900978));
#3457=FACE_BOUND('',#3458,.T.);
#3458=EDGE_LOOP('',(#3459,#3460,#3461));
#3459=ORIENTED_EDGE('',*,*,#3462,.T.);
#3460=ORIENTED_EDGE('',*,*,#3463,.T.);
#3461=ORIENTED_EDGE('',*,*,#3464,.T.);
#3462=EDGE_CURVE('',#193,#195,#3465,.F.);
#3463=EDGE_CURVE('',#195,#197,#3466,.T.);
#3464=EDGE_CURVE('',#197,#193,#3467,.T.);
#3465=LINE('',#192,#3468);
#3466=LINE('',#194,#3469);
#3467=LINE('',#196,#3470);
#3468=VECTOR('',#3471,1.0);
#3469=VECTOR('',#3472,1.0);
#3470=VECTOR('',#3473,1.0);
#3471=DIRECTION('',(0.030284037812477006,-0.9992322957520475,-0.02485349431900978));
#3472=DIRECTION('',(0,1,0));
#3473=DIRECTION('',(-0.7730101180749139,0,0.6343936927128199));
#3474=FACE_SURFACE('',(#3479),#3475,.T.);
#3475=PLANE('',#3476);
#3476=AXIS2_PLACEMENT_3D('',#196,#3477,#3478);
#3477=DIRECTION('',(0.7730093149756899,0,0.634394671289738));
#3478=DIRECTION('',(0,-1,0));
#3479=FACE_BOUND('',#3480,.T.);
#3480=EDGE_LOOP('',(#3481,#3482,#3483));
#3481=ORIENTED_EDGE('',*,*,#3484,.T.);
#3482=ORIENTED_EDGE('',*,*,#3485,.T.);
#3483=ORIENTED_EDGE('',*,*,#3486,.T.);
#3484=EDGE_CURVE('',#197,#195,#3487,.F.);
#3485=EDGE_CURVE('',#195,#199,#3488,.T.);
#3486=EDGE_CURVE('',#199,#197,#3489,.T.);
#3487=LINE('',#196,#3490);
#3488=LINE('',#194,#3491);
#3489=LINE('',#198,#3492);
#3490=VECTOR('',#3493,1.0);
#3491=VECTOR('',#3494,1.0);
#3492=VECTOR('',#3495,1.0);
#3493=DIRECTION('',(0,-1,0));
#3494=DIRECTION('',(0.6343946712897379,0,-0.7730093149756899));
#3495=DIRECTION('',(-0.024853470590860953,0.9992322995878234,0.030283930722733762));
#3496=FACE_SURFACE('',(#3501),#3497,.T.);
#3497=PLANE('',#3498);
#3498=AXIS2_PLACEMENT_3D('',#196,#3499,#3500);
#3499=DIRECTION('',(0.7730093149756899,0,0.634394671289738));
#3500=DIRECTION('',(0.024853470590860953,-0.9992322995878234,-0.030283930722733762));
#3501=FACE_BOUND('',#3502,.T.);
#3502=EDGE_LOOP('',(#3503,#3504,#3505));
#3503=ORIENTED_EDGE('',*,*,#3506,.T.);
#3504=ORIENTED_EDGE('',*,*,#3507,.T.);
#3505=ORIENTED_EDGE('',*,*,#3508,.T.);
#3506=EDGE_CURVE('',#197,#199,#3509,.F.);
#3507=EDGE_CURVE('',#199,#201,#3510,.T.);
#3508=EDGE_CURVE('',#201,#197,#3511,.T.);
#3509=LINE('',#196,#3512);
#3510=LINE('',#198,#3513);
#3511=LINE('',#200,#3514);
#3512=VECTOR('',#3515,1.0);
#3513=VECTOR('',#3516,1.0);
#3514=VECTOR('',#3517,1.0);
#3515=DIRECTION('',(0.024853470590860953,-0.9992322995878234,-0.030283930722733762));
#3516=DIRECTION('',(0,1,0));
#3517=DIRECTION('',(-0.6343946712897379,0,0.7730093149756899));
#3518=FACE_SURFACE('',(#3523),#3519,.T.);
#3519=PLANE('',#3520);
#3520=AXIS2_PLACEMENT_3D('',#200,#3521,#3522);
#3521=DIRECTION('',(0.8819213427818385,0,0.4713965900872416));
#3522=DIRECTION('',(0,-1,0));
#3523=FACE_BOUND('',#3524,.T.);
#3524=EDGE_LOOP('',(#3525,#3526,#3527));
#3525=ORIENTED_EDGE('',*,*,#3528,.T.);
#3526=ORIENTED_EDGE('',*,*,#3529,.T.);
#3527=ORIENTED_EDGE('',*,*,#3530,.T.);
#3528=EDGE_CURVE('',#201,#199,#3531,.F.);
#3529=EDGE_CURVE('',#199,#203,#3532,.T.);
#3530=EDGE_CURVE('',#203,#201,#3533,.T.);
#3531=LINE('',#200,#3534);
#3532=LINE('',#198,#3535);
#3533=LINE('',#202,#3536);
#3534=VECTOR('',#3537,1.0);
#3535=VECTOR('',#3538,1.0);
#3536=VECTOR('',#3539,1.0);
#3537=DIRECTION('',(0,-1,0));
#3538=DIRECTION('',(0.4713965900872416,0,-0.8819213427818385));
#3539=DIRECTION('',(-0.018467793060913708,0.9992322958880766,0.034550824501050945));
#3540=FACE_SURFACE('',(#3545),#3541,.T.);
#3541=PLANE('',#3542);
#3542=AXIS2_PLACEMENT_3D('',#200,#3543,#3544);
#3543=DIRECTION('',(0.8819213427818385,0,0.4713965900872416));
#3544=DIRECTION('',(0.018467793060913708,-0.9992322958880766,-0.034550824501050945));
#3545=FACE_BOUND('',#3546,.T.);
#3546=EDGE_LOOP('',(#3547,#3548,#3549));
#3547=ORIENTED_EDGE('',*,*,#3550,.T.);
#3548=ORIENTED_EDGE('',*,*,#3551,.T.);
#3549=ORIENTED_EDGE('',*,*,#3552,.T.);
#3550=EDGE_CURVE('',#201,#203,#3553,.F.);
#3551=EDGE_CURVE('',#203,#205,#3554,.T.);
#3552=EDGE_CURVE('',#205,#201,#3555,.T.);
#3553=LINE('',#200,#3556);
#3554=LINE('',#202,#3557);
#3555=LINE('',#204,#3558);
#3556=VECTOR('',#3559,1.0);
#3557=VECTOR('',#3560,1.0);
#3558=VECTOR('',#3561,1.0);
#3559=DIRECTION('',(0.018467793060913708,-0.9992322958880766,-0.034550824501050945));
#3560=DIRECTION('',(0,1,0));
#3561=DIRECTION('',(-0.4713965900872416,0,0.8819213427818385));
#3562=FACE_SURFACE('',(#3567),#3563,.T.);
#3563=PLANE('',#3564);
#3564=AXIS2_PLACEMENT_3D('',#204,#3565,#3566);
#3565=DIRECTION('',(0.956940488093897,0,0.29028417498481407));
#3566=DIRECTION('',(0,-1,0));
#3567=FACE_BOUND('',#3568,.T.);
#3568=EDGE_LOOP('',(#3569,#3570,#3571));
#3569=ORIENTED_EDGE('',*,*,#3572,.T.);
#3570=ORIENTED_EDGE('',*,*,#3573,.T.);
#3571=ORIENTED_EDGE('',*,*,#3574,.T.);
#3572=EDGE_CURVE('',#205,#203,#3575,.F.);
#3573=EDGE_CURVE('',#203,#207,#3576,.T.);
#3574=EDGE_CURVE('',#207,#205,#3577,.T.);
#3575=LINE('',#204,#3578);
#3576=LINE('',#202,#3579);
#3577=LINE('',#206,#3580);
#3578=VECTOR('',#3581,1.0);
#3579=VECTOR('',#3582,1.0);
#3580=VECTOR('',#3583,1.0);
#3581=DIRECTION('',(0,-1,0));
#3582=DIRECTION('',(0.29028417498481407,0,-0.956940488093897));
#3583=DIRECTION('',(-0.011372411910393456,0.9992322935606442,0.03748988867514421));
#3584=FACE_SURFACE('',(#3589),#3585,.T.);
#3585=PLANE('',#3586);
#3586=AXIS2_PLACEMENT_3D('',#204,#3587,#3588);
#3587=DIRECTION('',(0.956940488093897,0,0.29028417498481407));
#3588=DIRECTION('',(0.011372411910393456,-0.9992322935606442,-0.03748988867514421));
#3589=FACE_BOUND('',#3590,.T.);
#3590=EDGE_LOOP('',(#3591,#3592,#3593));
#3591=ORIENTED_EDGE('',*,*,#3594,.T.);
#3592=ORIENTED_EDGE('',*,*,#3595,.T.);
#3593=ORIENTED_EDGE('',*,*,#3596,.T.);
#3594=EDGE_CURVE('',#205,#207,#3597,.F.);
#3595=EDGE_CURVE('',#207,#209,#3598,.T.);
#3596=EDGE_CURVE('',#209,#205,#3599,.T.);
#3597=LINE('',#204,#3600);
#3598=LINE('',#206,#3601);
#3599=LINE('',#208,#3602);
#3600=VECTOR('',#3603,1.0);
#3601=VECTOR('',#3604,1.0);
#3602=VECTOR('',#3605,1.0);
#3603=DIRECTION('',(0.011372411910393456,-0.9992322935606442,-0.03748988867514421));
#3604=DIRECTION('',(0,1,0));
#3605=DIRECTION('',(-0.29028417498481407,0,0.956940488093897));
#3606=FACE_SURFACE('',(#3611),#3607,.T.);
#3607=PLANE('',#3608);
#3608=AXIS2_PLACEMENT_3D('',#208,#3609,#3610);
#3609=DIRECTION('',(0.9951847104953447,0,0.09801730457575766));
#3610=DIRECTION('',(0,-1,0));
#3611=FACE_BOUND('',#3612,.T.);
#3612=EDGE_LOOP('',(#3613,#3614,#3615));
#3613=ORIENTED_EDGE('',*,*,#3616,.T.);
#3614=ORIENTED_EDGE('',*,*,#3617,.T.);
#3615=ORIENTED_EDGE('',*,*,#3618,.T.);
#3616=EDGE_CURVE('',#209,#207,#3619,.F.);
#3617=EDGE_CURVE('',#207,#211,#3620,.T.);
#3618=EDGE_CURVE('',#211,#209,#3621,.T.);
#3619=LINE('',#208,#3622);
#3620=LINE('',#206,#3623);
#3621=LINE('',#210,#3624);
#3622=VECTOR('',#3625,1.0);
#3623=VECTOR('',#3626,1.0);
#3624=VECTOR('',#3627,1.0);
#3625=DIRECTION('',(0,-1,0));
#3626=DIRECTION('',(0.09801730457575766,0,-0.9951847104953447));
#3627=DIRECTION('',(-0.0038399996206927777,0.9992322963718833,0.0389881044715704));
#3628=FACE_SURFACE('',(#3633),#3629,.T.);
#3629=PLANE('',#3630);
#3630=AXIS2_PLACEMENT_3D('',#208,#3631,#3632);
#3631=DIRECTION('',(0.9951847104953447,0,0.09801730457575766));
#3632=DIRECTION('',(0.0038399996206927777,-0.9992322963718833,-0.0389881044715704));
#3633=FACE_BOUND('',#3634,.T.);
#3634=EDGE_LOOP('',(#3635,#3636,#3637));
#3635=ORIENTED_EDGE('',*,*,#3638,.T.);
#3636=ORIENTED_EDGE('',*,*,#3639,.T.);
#3637=ORIENTED_EDGE('',*,*,#3640,.T.);
#3638=EDGE_CURVE('',#209,#211,#3641,.F.);
#3639=EDGE_CURVE('',#211,#213,#3642,.T.);
#3640=EDGE_CURVE('',#213,#209,#3643,.T.);
#3641=LINE('',#208,#3644);
#3642=LINE('',#210,#3645);
#3643=LINE('',#212,#3646);
#3644=VECTOR('',#3647,1.0);
#3645=VECTOR('',#3648,1.0);
#3646=VECTOR('',#3649,1.0);
#3647=DIRECTION('',(0.0038399996206927777,-0.9992322963718833,-0.0389881044715704));
#3648=DIRECTION('',(0,1,0));
#3649=DIRECTION('',(-0.09801730457575766,0,0.9951847104953447));
#3650=FACE_SURFACE('',(#3655),#3651,.T.);
#3651=PLANE('',#3652);
#3652=AXIS2_PLACEMENT_3D('',#212,#3653,#3654);
#3653=DIRECTION('',(0.9951847104953447,0,-0.09801730457575766));
#3654=DIRECTION('',(0,-1,0));
#3655=FACE_BOUND('',#3656,.T.);
#3656=EDGE_LOOP('',(#3657,#3658,#3659));
#3657=ORIENTED_EDGE('',*,*,#3660,.T.);
#3658=ORIENTED_EDGE('',*,*,#3661,.T.);
#3659=ORIENTED_EDGE('',*,*,#3662,.T.);
#3660=EDGE_CURVE('',#213,#211,#3663,.F.);
#3661=EDGE_CURVE('',#211,#215,#3664,.T.);
#3662=EDGE_CURVE('',#215,#213,#3665,.T.);
#3663=LINE('',#212,#3666);
#3664=LINE('',#210,#3667);
#3665=LINE('',#214,#3668);
#3666=VECTOR('',#3669,1.0);
#3667=VECTOR('',#3670,1.0);
#3668=VECTOR('',#3671,1.0);
#3669=DIRECTION('',(0,-1,0));
#3670=DIRECTION('',(-0.09801730457575766,0,-0.9951847104953447));
#3671=DIRECTION('',(0.0038399996206927777,0.9992322963718833,0.0389881044715704));
#3672=FACE_SURFACE('',(#3677),#3673,.T.);
#3673=PLANE('',#3674);
#3674=AXIS2_PLACEMENT_3D('',#212,#3675,#3676);
#3675=DIRECTION('',(0.9951847104953447,0,-0.09801730457575766));
#3676=DIRECTION('',(-0.0038399996206927777,-0.9992322963718833,-0.0389881044715704));
#3677=FACE_BOUND('',#3678,.T.);
#3678=EDGE_LOOP('',(#3679,#3680,#3681));
#3679=ORIENTED_EDGE('',*,*,#3682,.T.);
#3680=ORIENTED_EDGE('',*,*,#3683,.T.);
#3681=ORIENTED_EDGE('',*,*,#3684,.T.);
#3682=EDGE_CURVE('',#213,#215,#3685,.F.);
#3683=EDGE_CURVE('',#215,#217,#3686,.T.);
#3684=EDGE_CURVE('',#217,#213,#3687,.T.);
#3685=LINE('',#212,#3688);
#3686=LINE('',#214,#3689);
#3687=LINE('',#216,#3690);
#3688=VECTOR('',#3691,1.0);
#3689=VECTOR('',#3692,1.0);
#3690=VECTOR('',#3693,1.0);
#3691=DIRECTION('',(-0.0038399996206927777,-0.9992322963718833,-0.0389881044715704));
#3692=DIRECTION('',(0,1,0));
#3693=DIRECTION('',(0.09801730457575766,0,0.9951847104953447));
#3694=FACE_SURFACE('',(#3699),#3695,.T.);
#3695=PLANE('',#3696);
#3696=AXIS2_PLACEMENT_3D('',#216,#3697,#3698);
#3697=DIRECTION('',(0.956940488093897,0,-0.29028417498481407));
#3698=DIRECTION('',(0,-1,0));
#3699=FACE_BOUND('',#3700,.T.);
#3700=EDGE_LOOP('',(#3701,#3702,#3703));
#3701=ORIENTED_EDGE('',*,*,#3704,.T.);
#3702=ORIENTED_EDGE('',*,*,#3705,.T.);
#3703=ORIENTED_EDGE('',*,*,#3706,.T.);
#3704=EDGE_CURVE('',#217,#215,#3707,.F.);
#3705=EDGE_CURVE('',#215,#219,#3708,.T.);
#3706=EDGE_CURVE('',#219,#217,#3709,.T.);
#3707=LINE('',#216,#3710);
#3708=LINE('',#214,#3711);
#3709=LINE('',#218,#3712);
#3710=VECTOR('',#3713,1.0);
#3711=VECTOR('',#3714,1.0);
#3712=VECTOR('',#3715,1.0);
#3713=DIRECTION('',(0,-1,0));
#3714=DIRECTION('',(-0.29028417498481407,0,-0.956940488093897));
#3715=DIRECTION('',(0.011372411910393456,0.9992322935606442,0.03748988867514421));
#3716=FACE_SURFACE('',(#3721),#3717,.T.);
#3717=PLANE('',#3718);
#3718=AXIS2_PLACEMENT_3D('',#216,#3719,#3720);
#3719=DIRECTION('',(0.956940488093897,0,-0.29028417498481407));
#3720=DIRECTION('',(-0.011372411910393456,-0.9992322935606442,-0.03748988867514421));
#3721=FACE_BOUND('',#3722,.T.);
#3722=EDGE_LOOP('',(#3723,#3724,#3725));
#3723=ORIENTED_EDGE('',*,*,#3726,.T.);
#3724=ORIENTED_EDGE('',*,*,#3727,.T.);
#3725=ORIENTED_EDGE('',*,*,#3728,.T.);
#3726=EDGE_CURVE('',#217,#219,#3729,.F.);
#3727=EDGE_CURVE('',#219,#221,#3730,.T.);
#3728=EDGE_CURVE('',#221,#217,#3731,.T.);
#3729=LINE('',#216,#3732);
#3730=LINE('',#218,#3733);
#3731=LINE('',#220,#3734);
#3732=VECTOR('',#3735,1.0);
#3733=VECTOR('',#3736,1.0);
#3734=VECTOR('',#3737,1.0);
#3735=DIRECTION('',(-0.011372411910393456,-0.9992322935606442,-0.03748988867514421));
#3736=DIRECTION('',(0,1,0));
#3737=DIRECTION('',(0.29028417498481407,0,0.956940488093897));
#3738=FACE_SURFACE('',(#3743),#3739,.T.);
#3739=PLANE('',#3740);
#3740=AXIS2_PLACEMENT_3D('',#220,#3741,#3742);
#3741=DIRECTION('',(0.8819213427818385,0,-0.4713965900872416));
#3742=DIRECTION('',(0,-1,0));
#3743=FACE_BOUND('',#3744,.T.);
#3744=EDGE_LOOP('',(#3745,#3746,#3747));
#3745=ORIENTED_EDGE('',*,*,#3748,.T.);
#3746=ORIENTED_EDGE('',*,*,#3749,.T.);
#3747=ORIENTED_EDGE('',*,*,#3750,.T.);
#3748=EDGE_CURVE('',#221,#219,#3751,.F.);
#3749=EDGE_CURVE('',#219,#223,#3752,.T.);
#3750=EDGE_CURVE('',#223,#221,#3753,.T.);
#3751=LINE('',#220,#3754);
#3752=LINE('',#218,#3755);
#3753=LINE('',#222,#3756);
#3754=VECTOR('',#3757,1.0);
#3755=VECTOR('',#3758,1.0);
#3756=VECTOR('',#3759,1.0);
#3757=DIRECTION('',(0,-1,0));
#3758=DIRECTION('',(-0.4713965900872416,0,-0.8819213427818385));
#3759=DIRECTION('',(0.018467793060913708,0.9992322958880766,0.034550824501050945));
#3760=FACE_SURFACE('',(#3765),#3761,.T.);
#3761=PLANE('',#3762);
#3762=AXIS2_PLACEMENT_3D('',#220,#3763,#3764);
#3763=DIRECTION('',(0.8819213427818385,0,-0.4713965900872416));
#3764=DIRECTION('',(-0.018467793060913708,-0.9992322958880766,-0.034550824501050945));
#3765=FACE_BOUND('',#3766,.T.);
#3766=EDGE_LOOP('',(#3767,#3768,#3769));
#3767=ORIENTED_EDGE('',*,*,#3770,.T.);
#3768=ORIENTED_EDGE('',*,*,#3771,.T.);
#3769=ORIENTED_EDGE('',*,*,#3772,.T.);
#3770=EDGE_CURVE('',#221,#223,#3773,.F.);
#3771=EDGE_CURVE('',#223,#225,#3774,.T.);
#3772=EDGE_CURVE('',#225,#221,#3775,.T.);
#3773=LINE('',#220,#3776);
#3774=LINE('',#222,#3777);
#3775=LINE('',#224,#3778);
#3776=VECTOR('',#3779,1.0);
#3777=VECTOR('',#3780,1.0);
#3778=VECTOR('',#3781,1.0);
#3779=DIRECTION('',(-0.018467793060913708,-0.9992322958880766,-0.034550824501050945));
#3780=DIRECTION('',(0,1,0));
#3781=DIRECTION('',(0.4713965900872416,0,0.8819213427818385));
#3782=FACE_SURFACE('',(#3787),#3783,.T.);
#3783=PLANE('',#3784);
#3784=AXIS2_PLACEMENT_3D('',#224,#3785,#3786);
#3785=DIRECTION('',(0.7730093149756899,0,-0.634394671289738));
#3786=DIRECTION('',(0,-1,0));
#3787=FACE_BOUND('',#3788,.T.);
#3788=EDGE_LOOP('',(#3789,#3790,#3791));
#3789=ORIENTED_EDGE('',*,*,#3792,.T.);
#3790=ORIENTED_EDGE('',*,*,#3793,.T.);
#3791=ORIENTED_EDGE('',*,*,#3794,.T.);
#3792=EDGE_CURVE('',#225,#223,#3795,.F.);
#3793=EDGE_CURVE('',#223,#227,#3796,.T.);
#3794=EDGE_CURVE('',#227,#225,#3797,.T.);
#3795=LINE('',#224,#3798);
#3796=LINE('',#222,#3799);
#3797=LINE('',#226,#3800);
#3798=VECTOR('',#3801,1.0);
#3799=VECTOR('',#3802,1.0);
#3800=VECTOR('',#3803,1.0);
#3801=DIRECTION('',(0,-1,0));
#3802=DIRECTION('',(-0.6343946712897379,0,-0.7730093149756899));
#3803=DIRECTION('',(0.024853470590860953,0.9992322995878234,0.030283930722733762));
#3804=FACE_SURFACE('',(#3809),#3805,.T.);
#3805=PLANE('',#3806);
#3806=AXIS2_PLACEMENT_3D('',#224,#3807,#3808);
#3807=DIRECTION('',(0.7730093149756899,0,-0.634394671289738));
#3808=DIRECTION('',(-0.024853470590860953,-0.9992322995878234,-0.030283930722733762));
#3809=FACE_BOUND('',#3810,.T.);
#3810=EDGE_LOOP('',(#3811,#3812,#3813));
#3811=ORIENTED_EDGE('',*,*,#3814,.T.);
#3812=ORIENTED_EDGE('',*,*,#3815,.T.);
#3813=ORIENTED_EDGE('',*,*,#3816,.T.);
#3814=EDGE_CURVE('',#225,#227,#3817,.F.);
#3815=EDGE_CURVE('',#227,#229,#3818,.T.);
#3816=EDGE_CURVE('',#229,#225,#3819,.T.);
#3817=LINE('',#224,#3820);
#3818=LINE('',#226,#3821);
#3819=LINE('',#228,#3822);
#3820=VECTOR('',#3823,1.0);
#3821=VECTOR('',#3824,1.0);
#3822=VECTOR('',#3825,1.0);
#3823=DIRECTION('',(-0.024853470590860953,-0.9992322995878234,-0.030283930722733762));
#3824=DIRECTION('',(0,1,0));
#3825=DIRECTION('',(0.6343946712897379,0,0.7730093149756899));
#3826=FACE_SURFACE('',(#3831),#3827,.T.);
#3827=PLANE('',#3828);
#3828=AXIS2_PLACEMENT_3D('',#228,#3829,#3830);
#3829=DIRECTION('',(0.6343936927128198,0,-0.7730101180749139));
#3830=DIRECTION('',(0,-1,0));
#3831=FACE_BOUND('',#3832,.T.);
#3832=EDGE_LOOP('',(#3833,#3834,#3835));
#3833=ORIENTED_EDGE('',*,*,#3836,.T.);
#3834=ORIENTED_EDGE('',*,*,#3837,.T.);
#3835=ORIENTED_EDGE('',*,*,#3838,.T.);
#3836=EDGE_CURVE('',#229,#227,#3839,.F.);
#3837=EDGE_CURVE('',#227,#231,#3840,.T.);
#3838=EDGE_CURVE('',#231,#229,#3841,.T.);
#3839=LINE('',#228,#3842);
#3840=LINE('',#226,#3843);
#3841=LINE('',#230,#3844);
#3842=VECTOR('',#3845,1.0);
#3843=VECTOR('',#3846,1.0);
#3844=VECTOR('',#3847,1.0);
#3845=DIRECTION('',(0,-1,0));
#3846=DIRECTION('',(-0.7730101180749139,0,-0.6343936927128199));
#3847=DIRECTION('',(0.030284037812477006,0.9992322957520475,0.02485349431900978));
#3848=FACE_SURFACE('',(#3853),#3849,.T.);
#3849=PLANE('',#3850);
#3850=AXIS2_PLACEMENT_3D('',#228,#3851,#3852);
#3851=DIRECTION('',(0.6343936927128198,0,-0.7730101180749139));
#3852=DIRECTION('',(-0.030284037812477006,-0.9992322957520475,-0.02485349431900978));
#3853=FACE_BOUND('',#3854,.T.);
#3854=EDGE_LOOP('',(#3855,#3856,#3857));
#3855=ORIENTED_EDGE('',*,*,#3858,.T.);
#3856=ORIENTED_EDGE('',*,*,#3859,.T.);
#3857=ORIENTED_EDGE('',*,*,#3860,.T.);
#3858=EDGE_CURVE('',#229,#231,#3861,.F.);
#3859=EDGE_CURVE('',#231,#233,#3862,.T.);
#3860=EDGE_CURVE('',#233,#229,#3863,.T.);
#3861=LINE('',#228,#3864);
#3862=LINE('',#230,#3865);
#3863=LINE('',#232,#3866);
#3864=VECTOR('',#3867,1.0);
#3865=VECTOR('',#3868,1.0);
#3866=VECTOR('',#3869,1.0);
#3867=DIRECTION('',(-0.030284037812477006,-0.9992322957520475,-0.02485349431900978));
#3868=DIRECTION('',(0,1,0));
#3869=DIRECTION('',(0.7730101180749139,0,0.6343936927128199));
#3870=FACE_SURFACE('',(#3875),#3871,.T.);
#3871=PLANE('',#3872);
#3872=AXIS2_PLACEMENT_3D('',#232,#3873,#3874);
#3873=DIRECTION('',(0.4713974259536121,0,-0.8819208960016248));
#3874=DIRECTION('',(0,-1,0));
#3875=FACE_BOUND('',#3876,.T.);
#3876=EDGE_LOOP('',(#3877,#3878,#3879));
#3877=ORIENTED_EDGE('',*,*,#3880,.T.);
#3878=ORIENTED_EDGE('',*,*,#3881,.T.);
#3879=ORIENTED_EDGE('',*,*,#3882,.T.);
#3880=EDGE_CURVE('',#233,#231,#3883,.F.);
#3881=EDGE_CURVE('',#231,#235,#3884,.T.);
#3882=EDGE_CURVE('',#235,#233,#3885,.T.);
#3883=LINE('',#232,#3886);
#3884=LINE('',#230,#3887);
#3885=LINE('',#234,#3888);
#3886=VECTOR('',#3889,1.0);
#3887=VECTOR('',#3890,1.0);
#3888=VECTOR('',#3891,1.0);
#3889=DIRECTION('',(0,-1,0));
#3890=DIRECTION('',(-0.8819208960016248,0,-0.47139742595361206));
#3891=DIRECTION('',(0.0345508125806916,0.9992322956398757,0.018467828791658078));
#3892=FACE_SURFACE('',(#3897),#3893,.T.);
#3893=PLANE('',#3894);
#3894=AXIS2_PLACEMENT_3D('',#232,#3895,#3896);
#3895=DIRECTION('',(0.4713974259536121,0,-0.8819208960016248));
#3896=DIRECTION('',(-0.0345508125806916,-0.9992322956398757,-0.018467828791658078));
#3897=FACE_BOUND('',#3898,.T.);
#3898=EDGE_LOOP('',(#3899,#3900,#3901));
#3899=ORIENTED_EDGE('',*,*,#3902,.T.);
#3900=ORIENTED_EDGE('',*,*,#3903,.T.);
#3901=ORIENTED_EDGE('',*,*,#3904,.T.);
#3902=EDGE_CURVE('',#233,#235,#3905,.F.);
#3903=EDGE_CURVE('',#235,#237,#3906,.T.);
#3904=EDGE_CURVE('',#237,#233,#3907,.T.);
#3905=LINE('',#232,#3908);
#3906=LINE('',#234,#3909);
#3907=LINE('',#236,#3910);
#3908=VECTOR('',#3911,1.0);
#3909=VECTOR('',#3912,1.0);
#3910=VECTOR('',#3913,1.0);
#3911=DIRECTION('',(-0.0345508125806916,-0.9992322956398757,-0.018467828791658078));
#3912=DIRECTION('',(0,1,0));
#3913=DIRECTION('',(0.8819208960016248,0,0.47139742595361206));
#3914=FACE_SURFACE('',(#3919),#3915,.T.);
#3915=PLANE('',#3916);
#3916=AXIS2_PLACEMENT_3D('',#236,#3917,#3918);
#3917=DIRECTION('',(0.29028463952039396,0,-0.9569403471787126));
#3918=DIRECTION('',(0,-1,0));
#3919=FACE_BOUND('',#3920,.T.);
#3920=EDGE_LOOP('',(#3921,#3922,#3923));
#3921=ORIENTED_EDGE('',*,*,#3924,.T.);
#3922=ORIENTED_EDGE('',*,*,#3925,.T.);
#3923=ORIENTED_EDGE('',*,*,#3926,.T.);
#3924=EDGE_CURVE('',#237,#235,#3927,.F.);
#3925=EDGE_CURVE('',#235,#239,#3928,.T.);
#3926=EDGE_CURVE('',#239,#237,#3929,.T.);
#3927=LINE('',#236,#3930);
#3928=LINE('',#234,#3931);
#3929=LINE('',#238,#3932);
#3930=VECTOR('',#3933,1.0);
#3931=VECTOR('',#3934,1.0);
#3932=VECTOR('',#3935,1.0);
#3933=DIRECTION('',(0,-1,0));
#3934=DIRECTION('',(-0.9569403471787125,0,-0.29028463952039396));
#3935=DIRECTION('',(0.037489823252449955,0.9992322960148983,0.011372411938325687));
#3936=FACE_SURFACE('',(#3941),#3937,.T.);
#3937=PLANE('',#3938);
#3938=AXIS2_PLACEMENT_3D('',#236,#3939,#3940);
#3939=DIRECTION('',(0.29028463952039396,0,-0.9569403471787126));
#3940=DIRECTION('',(-0.037489823252449955,-0.9992322960148983,-0.011372411938325687));
#3941=FACE_BOUND('',#3942,.T.);
#3942=EDGE_LOOP('',(#3943,#3944,#3945));
#3943=ORIENTED_EDGE('',*,*,#3946,.T.);
#3944=ORIENTED_EDGE('',*,*,#3947,.T.);
#3945=ORIENTED_EDGE('',*,*,#3948,.T.);
#3946=EDGE_CURVE('',#237,#239,#3949,.F.);
#3947=EDGE_CURVE('',#239,#241,#3950,.T.);
#3948=EDGE_CURVE('',#241,#237,#3951,.T.);
#3949=LINE('',#236,#3952);
#3950=LINE('',#238,#3953);
#3951=LINE('',#240,#3954);
#3952=VECTOR('',#3955,1.0);
#3953=VECTOR('',#3956,1.0);
#3954=VECTOR('',#3957,1.0);
#3955=DIRECTION('',(-0.037489823252449955,-0.9992322960148983,-0.011372411938325687));
#3956=DIRECTION('',(0,1,0));
#3957=DIRECTION('',(0.9569403471787125,0,0.29028463952039396));
#3958=FACE_SURFACE('',(#3963),#3959,.T.);
#3959=PLANE('',#3960);
#3960=AXIS2_PLACEMENT_3D('',#240,#3961,#3962);
#3961=DIRECTION('',(0.0980166874842775,0,-0.9951847712734603));
#3962=DIRECTION('',(0,-1,0));
#3963=FACE_BOUND('',#3964,.T.);
#3964=EDGE_LOOP('',(#3965,#3966,#3967));
#3965=ORIENTED_EDGE('',*,*,#3968,.T.);
#3966=ORIENTED_EDGE('',*,*,#3969,.T.);
#3967=ORIENTED_EDGE('',*,*,#3970,.T.);
#3968=EDGE_CURVE('',#241,#239,#3971,.F.);
#3969=EDGE_CURVE('',#239,#243,#3972,.T.);
#3970=EDGE_CURVE('',#243,#241,#3973,.T.);
#3971=LINE('',#240,#3974);
#3972=LINE('',#238,#3975);
#3973=LINE('',#242,#3976);
#3974=VECTOR('',#3977,1.0);
#3975=VECTOR('',#3978,1.0);
#3976=VECTOR('',#3979,1.0);
#3977=DIRECTION('',(0,-1,0));
#3978=DIRECTION('',(-0.9951847712734603,0,-0.0980166874842775));
#3979=DIRECTION('',(0.03898811042197234,0.9992322962312645,0.003839975796597961));
#3980=FACE_SURFACE('',(#3985),#3981,.T.);
#3981=PLANE('',#3982);
#3982=AXIS2_PLACEMENT_3D('',#240,#3983,#3984);
#3983=DIRECTION('',(0.0980166874842775,0,-0.9951847712734603));
#3984=DIRECTION('',(-0.03898811042197234,-0.9992322962312645,-0.003839975796597961));
#3985=FACE_BOUND('',#3986,.T.);
#3986=EDGE_LOOP('',(#3987,#3988,#3989));
#3987=ORIENTED_EDGE('',*,*,#3990,.T.);
#3988=ORIENTED_EDGE('',*,*,#3991,.T.);
#3989=ORIENTED_EDGE('',*,*,#3992,.T.);
#3990=EDGE_CURVE('',#241,#243,#3993,.F.);
#3991=EDGE_CURVE('',#243,#245,#3994,.T.);
#3992=EDGE_CURVE('',#245,#241,#3995,.T.);
#3993=LINE('',#240,#3996);
#3994=LINE('',#242,#3997);
#3995=LINE('',#244,#3998);
#3996=VECTOR('',#3999,1.0);
#3997=VECTOR('',#4000,1.0);
#3998=VECTOR('',#4001,1.0);
#3999=DIRECTION('',(-0.03898811042197234,-0.9992322962312645,-0.003839975796597961));
#4000=DIRECTION('',(0,1,0));
#4001=DIRECTION('',(0.9951847712734603,0,0.0980166874842775));
#4002=FACE_SURFACE('',(#4007),#4003,.T.);
#4003=PLANE('',#4004);
#4004=AXIS2_PLACEMENT_3D('',#244,#4005,#4006);
#4005=DIRECTION('',(-0.0980166874842775,-0,-0.9951847712734603));
#4006=DIRECTION('',(0,-1,0));
#4007=FACE_BOUND('',#4008,.T.);
#4008=EDGE_LOOP('',(#4009,#4010,#4011));
#4009=ORIENTED_EDGE('',*,*,#4012,.T.);
#4010=ORIENTED_EDGE('',*,*,#4013,.T.);
#4011=ORIENTED_EDGE('',*,*,#4014,.T.);
#4012=EDGE_CURVE('',#245,#243,#4015,.F.);
#4013=EDGE_CURVE('',#243,#247,#4016,.T.);
#4014=EDGE_CURVE('',#247,#245,#4017,.T.);
#4015=LINE('',#244,#4018);
#4016=LINE('',#242,#4019);
#4017=LINE('',#246,#4020);
#4018=VECTOR('',#4021,1.0);
#4019=VECTOR('',#4022,1.0);
#4020=VECTOR('',#4023,1.0);
#4021=DIRECTION('',(0,-1,0));
#4022=DIRECTION('',(-0.9951847712734603,0,0.0980166874842775));
#4023=DIRECTION('',(0.03898811042197234,0.9992322962312645,-0.003839975796597961));
#4024=FACE_SURFACE('',(#4029),#4025,.T.);
#4025=PLANE('',#4026);
#4026=AXIS2_PLACEMENT_3D('',#244,#4027,#4028);
#4027=DIRECTION('',(-0.0980166874842775,0,-0.9951847712734603));
#4028=DIRECTION('',(-0.03898811042197234,-0.9992322962312645,0.003839975796597961));
#4029=FACE_BOUND('',#4030,.T.);
#4030=EDGE_LOOP('',(#4031,#4032,#4033));
#4031=ORIENTED_EDGE('',*,*,#4034,.T.);
#4032=ORIENTED_EDGE('',*,*,#4035,.T.);
#4033=ORIENTED_EDGE('',*,*,#4036,.T.);
#4034=EDGE_CURVE('',#245,#247,#4037,.F.);
#4035=EDGE_CURVE('',#247,#249,#4038,.T.);
#4036=EDGE_CURVE('',#249,#245,#4039,.T.);
#4037=LINE('',#244,#4040);
#4038=LINE('',#246,#4041);
#4039=LINE('',#248,#4042);
#4040=VECTOR('',#4043,1.0);
#4041=VECTOR('',#4044,1.0);
#4042=VECTOR('',#4045,1.0);
#4043=DIRECTION('',(-0.03898811042197234,-0.9992322962312645,0.003839975796597961));
#4044=DIRECTION('',(0,1,0));
#4045=DIRECTION('',(0.9951847712734603,0,-0.0980166874842775));
#4046=FACE_SURFACE('',(#4051),#4047,.T.);
#4047=PLANE('',#4048);
#4048=AXIS2_PLACEMENT_3D('',#248,#4049,#4050);
#4049=DIRECTION('',(-0.29028463952039396,-0,-0.9569403471787126));
#4050=DIRECTION('',(0,-1,0));
#4051=FACE_BOUND('',#4052,.T.);
#4052=EDGE_LOOP('',(#4053,#4054,#4055));
#4053=ORIENTED_EDGE('',*,*,#4056,.T.);
#4054=ORIENTED_EDGE('',*,*,#4057,.T.);
#4055=ORIENTED_EDGE('',*,*,#4058,.T.);
#4056=EDGE_CURVE('',#249,#247,#4059,.F.);
#4057=EDGE_CURVE('',#247,#251,#4060,.T.);
#4058=EDGE_CURVE('',#251,#249,#4061,.T.);
#4059=LINE('',#248,#4062);
#4060=LINE('',#246,#4063);
#4061=LINE('',#250,#4064);
#4062=VECTOR('',#4065,1.0);
#4063=VECTOR('',#4066,1.0);
#4064=VECTOR('',#4067,1.0);
#4065=DIRECTION('',(0,-1,0));
#4066=DIRECTION('',(-0.9569403471787125,0,0.29028463952039396));
#4067=DIRECTION('',(0.037489823252449955,0.9992322960148983,-0.011372411938325687));
#4068=FACE_SURFACE('',(#4073),#4069,.T.);
#4069=PLANE('',#4070);
#4070=AXIS2_PLACEMENT_3D('',#248,#4071,#4072);
#4071=DIRECTION('',(-0.29028463952039396,0,-0.9569403471787126));
#4072=DIRECTION('',(-0.037489823252449955,-0.9992322960148983,0.011372411938325687));
#4073=FACE_BOUND('',#4074,.T.);
#4074=EDGE_LOOP('',(#4075,#4076,#4077));
#4075=ORIENTED_EDGE('',*,*,#4078,.T.);
#4076=ORIENTED_EDGE('',*,*,#4079,.T.);
#4077=ORIENTED_EDGE('',*,*,#4080,.T.);
#4078=EDGE_CURVE('',#249,#251,#4081,.F.);
#4079=EDGE_CURVE('',#251,#253,#4082,.T.);
#4080=EDGE_CURVE('',#253,#249,#4083,.T.);
#4081=LINE('',#248,#4084);
#4082=LINE('',#250,#4085);
#4083=LINE('',#252,#4086);
#4084=VECTOR('',#4087,1.0);
#4085=VECTOR('',#4088,1.0);
#4086=VECTOR('',#4089,1.0);
#4087=DIRECTION('',(-0.037489823252449955,-0.9992322960148983,0.011372411938325687));
#4088=DIRECTION('',(0,1,0));
#4089=DIRECTION('',(0.9569403471787125,0,-0.29028463952039396));
#4090=FACE_SURFACE('',(#4095),#4091,.T.);
#4091=PLANE('',#4092);
#4092=AXIS2_PLACEMENT_3D('',#252,#4093,#4094);
#4093=DIRECTION('',(-0.4713974259536121,-0,-0.8819208960016248));
#4094=DIRECTION('',(0,-1,0));
#4095=FACE_BOUND('',#4096,.T.);
#4096=EDGE_LOOP('',(#4097,#4098,#4099));
#4097=ORIENTED_EDGE('',*,*,#4100,.T.);
#4098=ORIENTED_EDGE('',*,*,#4101,.T.);
#4099=ORIENTED_EDGE('',*,*,#4102,.T.);
#4100=EDGE_CURVE('',#253,#251,#4103,.F.);
#4101=EDGE_CURVE('',#251,#255,#4104,.T.);
#4102=EDGE_CURVE('',#255,#253,#4105,.T.);
#4103=LINE('',#252,#4106);
#4104=LINE('',#250,#4107);
#4105=LINE('',#254,#4108);
#4106=VECTOR('',#4109,1.0);
#4107=VECTOR('',#4110,1.0);
#4108=VECTOR('',#4111,1.0);
#4109=DIRECTION('',(0,-1,0));
#4110=DIRECTION('',(-0.8819208960016248,0,0.47139742595361206));
#4111=DIRECTION('',(0.0345508125806916,0.9992322956398757,-0.018467828791658078));
#4112=FACE_SURFACE('',(#4117),#4113,.T.);
#4113=PLANE('',#4114);
#4114=AXIS2_PLACEMENT_3D('',#252,#4115,#4116);
#4115=DIRECTION('',(-0.4713974259536121,0,-0.8819208960016248));
#4116=DIRECTION('',(-0.0345508125806916,-0.9992322956398757,0.018467828791658078));
#4117=FACE_BOUND('',#4118,.T.);
#4118=EDGE_LOOP('',(#4119,#4120,#4121));
#4119=ORIENTED_EDGE('',*,*,#4122,.T.);
#4120=ORIENTED_EDGE('',*,*,#4123,.T.);
#4121=ORIENTED_EDGE('',*,*,#4124,.T.);
#4122=EDGE_CURVE('',#253,#255,#4125,.F.);
#4123=EDGE_CURVE('',#255,#257,#4126,.T.);
#4124=EDGE_CURVE('',#257,#253,#4127,.T.);
#4125=LINE('',#252,#4128);
#4126=LINE('',#254,#4129);
#4127=LINE('',#256,#4130);
#4128=VECTOR('',#4131,1.0);
#4129=VECTOR('',#4132,1.0);
#4130=VECTOR('',#4133,1.0);
#4131=DIRECTION('',(-0.0345508125806916,-0.9992322956398757,0.018467828791658078));
#4132=DIRECTION('',(0,1,0));
#4133=DIRECTION('',(0.8819208960016248,0,-0.47139742595361206));
#4134=FACE_SURFACE('',(#4139),#4135,.T.);
#4135=PLANE('',#4136);
#4136=AXIS2_PLACEMENT_3D('',#256,#4137,#4138);
#4137=DIRECTION('',(-0.6343936927128198,-0,-0.7730101180749139));
#4138=DIRECTION('',(0,-1,0));
#4139=FACE_BOUND('',#4140,.T.);
#4140=EDGE_LOOP('',(#4141,#4142,#4143));
#4141=ORIENTED_EDGE('',*,*,#4144,.T.);
#4142=ORIENTED_EDGE('',*,*,#4145,.T.);
#4143=ORIENTED_EDGE('',*,*,#4146,.T.);
#4144=EDGE_CURVE('',#257,#255,#4147,.F.);
#4145=EDGE_CURVE('',#255,#259,#4148,.T.);
#4146=EDGE_CURVE('',#259,#257,#4149,.T.);
#4147=LINE('',#256,#4150);
#4148=LINE('',#254,#4151);
#4149=LINE('',#258,#4152);
#4150=VECTOR('',#4153,1.0);
#4151=VECTOR('',#4154,1.0);
#4152=VECTOR('',#4155,1.0);
#4153=DIRECTION('',(0,-1,0));
#4154=DIRECTION('',(-0.7730101180749139,0,0.6343936927128199));
#4155=DIRECTION('',(0.030284037812477006,0.9992322957520475,-0.02485349431900978));
#4156=FACE_SURFACE('',(#4161),#4157,.T.);
#4157=PLANE('',#4158);
#4158=AXIS2_PLACEMENT_3D('',#256,#4159,#4160);
#4159=DIRECTION('',(-0.6343936927128198,0,-0.7730101180749139));
#4160=DIRECTION('',(-0.030284037812477006,-0.9992322957520475,0.02485349431900978));
#4161=FACE_BOUND('',#4162,.T.);
#4162=EDGE_LOOP('',(#4163,#4164,#4165));
#4163=ORIENTED_EDGE('',*,*,#4166,.T.);
#4164=ORIENTED_EDGE('',*,*,#4167,.T.);
#4165=ORIENTED_EDGE('',*,*,#4168,.T.);
#4166=EDGE_CURVE('',#257,#259,#4169,.F.);
#4167=EDGE_CURVE('',#259,#261,#4170,.T.);
#4168=EDGE_CURVE('',#261,#257,#4171,.T.);
#4169=LINE('',#256,#4172);
#4170=LINE('',#258,#4173);
#4171=LINE('',#260,#4174);
#4172=VECTOR('',#4175,1.0);
#4173=VECTOR('',#4176,1.0);
#4174=VECTOR('',#4177,1.0);
#4175=DIRECTION('',(-0.030284037812477006,-0.9992322957520475,0.02485349431900978));
#4176=DIRECTION('',(0,1,0));
#4177=DIRECTION('',(0.7730101180749139,0,-0.6343936927128199));
#4178=FACE_SURFACE('',(#4183),#4179,.T.);
#4179=PLANE('',#4180);
#4180=AXIS2_PLACEMENT_3D('',#260,#4181,#4182);
#4181=DIRECTION('',(-0.7730093149756899,-0,-0.634394671289738));
#4182=DIRECTION('',(0,-1,0));
#4183=FACE_BOUND('',#4184,.T.);
#4184=EDGE_LOOP('',(#4185,#4186,#4187));
#4185=ORIENTED_EDGE('',*,*,#4188,.T.);
#4186=ORIENTED_EDGE('',*,*,#4189,.T.);
#4187=ORIENTED_EDGE('',*,*,#4190,.T.);
#4188=EDGE_CURVE('',#261,#259,#4191,.F.);
#4189=EDGE_CURVE('',#259,#263,#4192,.T.);
#4190=EDGE_CURVE('',#263,#261,#4193,.T.);
#4191=LINE('',#260,#4194);
#4192=LINE('',#258,#4195);
#4193=LINE('',#262,#4196);
#4194=VECTOR('',#4197,1.0);
#4195=VECTOR('',#4198,1.0);
#4196=VECTOR('',#4199,1.0);
#4197=DIRECTION('',(0,-1,0));
#4198=DIRECTION('',(-0.6343946712897379,0,0.7730093149756899));
#4199=DIRECTION('',(0.024853470590860953,0.9992322995878234,-0.030283930722733762));
#4200=FACE_SURFACE('',(#4205),#4201,.T.);
#4201=PLANE('',#4202);
#4202=AXIS2_PLACEMENT_3D('',#260,#4203,#4204);
#4203=DIRECTION('',(-0.7730093149756899,0,-0.634394671289738));
#4204=DIRECTION('',(-0.024853470590860953,-0.9992322995878234,0.030283930722733762));
#4205=FACE_BOUND('',#4206,.T.);
#4206=EDGE_LOOP('',(#4207,#4208,#4209));
#4207=ORIENTED_EDGE('',*,*,#4210,.T.);
#4208=ORIENTED_EDGE('',*,*,#4211,.T.);
#4209=ORIENTED_EDGE('',*,*,#4212,.T.);
#4210=EDGE_CURVE('',#261,#263,#4213,.F.);
#4211=EDGE_CURVE('',#263,#265,#4214,.T.);
#4212=EDGE_CURVE('',#265,#261,#4215,.T.);
#4213=LINE('',#260,#4216);
#4214=LINE('',#262,#4217);
#4215=LINE('',#264,#4218);
#4216=VECTOR('',#4219,1.0);
#4217=VECTOR('',#4220,1.0);
#4218=VECTOR('',#4221,1.0);
#4219=DIRECTION('',(-0.024853470590860953,-0.9992322995878234,0.030283930722733762));
#4220=DIRECTION('',(0,1,0));
#4221=DIRECTION('',(0.6343946712897379,0,-0.7730093149756899));
#4222=FACE_SURFACE('',(#4227),#4223,.T.);
#4223=PLANE('',#4224);
#4224=AXIS2_PLACEMENT_3D('',#264,#4225,#4226);
#4225=DIRECTION('',(-0.8819213427818385,-0,-0.4713965900872416));
#4226=DIRECTION('',(0,-1,0));
#4227=FACE_BOUND('',#4228,.T.);
#4228=EDGE_LOOP('',(#4229,#4230,#4231));
#4229=ORIENTED_EDGE('',*,*,#4232,.T.);
#4230=ORIENTED_EDGE('',*,*,#4233,.T.);
#4231=ORIENTED_EDGE('',*,*,#4234,.T.);
#4232=EDGE_CURVE('',#265,#263,#4235,.F.);
#4233=EDGE_CURVE('',#263,#267,#4236,.T.);
#4234=EDGE_CURVE('',#267,#265,#4237,.T.);
#4235=LINE('',#264,#4238);
#4236=LINE('',#262,#4239);
#4237=LINE('',#266,#4240);
#4238=VECTOR('',#4241,1.0);
#4239=VECTOR('',#4242,1.0);
#4240=VECTOR('',#4243,1.0);
#4241=DIRECTION('',(0,-1,0));
#4242=DIRECTION('',(-0.4713965900872416,0,0.8819213427818385));
#4243=DIRECTION('',(0.018467793060913708,0.9992322958880766,-0.034550824501050945));
#4244=FACE_SURFACE('',(#4249),#4245,.T.);
#4245=PLANE('',#4246);
#4246=AXIS2_PLACEMENT_3D('',#264,#4247,#4248);
#4247=DIRECTION('',(-0.8819213427818385,0,-0.4713965900872416));
#4248=DIRECTION('',(-0.018467793060913708,-0.9992322958880766,0.034550824501050945));
#4249=FACE_BOUND('',#4250,.T.);
#4250=EDGE_LOOP('',(#4251,#4252,#4253));
#4251=ORIENTED_EDGE('',*,*,#4254,.T.);
#4252=ORIENTED_EDGE('',*,*,#4255,.T.);
#4253=ORIENTED_EDGE('',*,*,#4256,.T.);
#4254=EDGE_CURVE('',#265,#267,#4257,.F.);
#4255=EDGE_CURVE('',#267,#269,#4258,.T.);
#4256=EDGE_CURVE('',#269,#265,#4259,.T.);
#4257=LINE('',#264,#4260);
#4258=LINE('',#266,#4261);
#4259=LINE('',#268,#4262);
#4260=VECTOR('',#4263,1.0);
#4261=VECTOR('',#4264,1.0);
#4262=VECTOR('',#4265,1.0);
#4263=DIRECTION('',(-0.018467793060913708,-0.9992322958880766,0.034550824501050945));
#4264=DIRECTION('',(0,1,0));
#4265=DIRECTION('',(0.4713965900872416,0,-0.8819213427818385));
#4266=FACE_SURFACE('',(#4271),#4267,.T.);
#4267=PLANE('',#4268);
#4268=AXIS2_PLACEMENT_3D('',#268,#4269,#4270);
#4269=DIRECTION('',(-0.956940488093897,-0,-0.29028417498481407));
#4270=DIRECTION('',(0,-1,0));
#4271=FACE_BOUND('',#4272,.T.);
#4272=EDGE_LOOP('',(#4273,#4274,#4275));
#4273=ORIENTED_EDGE('',*,*,#4276,.T.);
#4274=ORIENTED_EDGE('',*,*,#4277,.T.);
#4275=ORIENTED_EDGE('',*,*,#4278,.T.);
#4276=EDGE_CURVE('',#269,#267,#4279,.F.);
#4277=EDGE_CURVE('',#267,#271,#4280,.T.);
#4278=EDGE_CURVE('',#271,#269,#4281,.T.);
#4279=LINE('',#268,#4282);
#4280=LINE('',#266,#4283);
#4281=LINE('',#270,#4284);
#4282=VECTOR('',#4285,1.0);
#4283=VECTOR('',#4286,1.0);
#4284=VECTOR('',#4287,1.0);
#4285=DIRECTION('',(0,-1,0));
#4286=DIRECTION('',(-0.29028417498481407,0,0.956940488093897));
#4287=DIRECTION('',(0.011372411910393456,0.9992322935606442,-0.03748988867514421));
#4288=FACE_SURFACE('',(#4293),#4289,.T.);
#4289=PLANE('',#4290);
#4290=AXIS2_PLACEMENT_3D('',#268,#4291,#4292);
#4291=DIRECTION('',(-0.956940488093897,0,-0.29028417498481407));
#4292=DIRECTION('',(-0.011372411910393456,-0.9992322935606442,0.03748988867514421));
#4293=FACE_BOUND('',#4294,.T.);
#4294=EDGE_LOOP('',(#4295,#4296,#4297));
#4295=ORIENTED_EDGE('',*,*,#4298,.T.);
#4296=ORIENTED_EDGE('',*,*,#4299,.T.);
#4297=ORIENTED_EDGE('',*,*,#4300,.T.);
#4298=EDGE_CURVE('',#269,#271,#4301,.F.);
#4299=EDGE_CURVE('',#271,#273,#4302,.T.);
#4300=EDGE_CURVE('',#273,#269,#4303,.T.);
#4301=LINE('',#268,#4304);
#4302=LINE('',#270,#4305);
#4303=LINE('',#272,#4306);
#4304=VECTOR('',#4307,1.0);
#4305=VECTOR('',#4308,1.0);
#4306=VECTOR('',#4309,1.0);
#4307=DIRECTION('',(-0.011372411910393456,-0.9992322935606442,0.03748988867514421));
#4308=DIRECTION('',(0,1,0));
#4309=DIRECTION('',(0.29028417498481407,0,-0.956940488093897));
#4310=FACE_SURFACE('',(#4315),#4311,.T.);
#4311=PLANE('',#4312);
#4312=AXIS2_PLACEMENT_3D('',#272,#4313,#4314);
#4313=DIRECTION('',(-0.9951847104953447,-0,-0.09801730457575766));
#4314=DIRECTION('',(0,-1,0));
#4315=FACE_BOUND('',#4316,.T.);
#4316=EDGE_LOOP('',(#4317,#4318,#4319));
#4317=ORIENTED_EDGE('',*,*,#4320,.T.);
#4318=ORIENTED_EDGE('',*,*,#4321,.T.);
#4319=ORIENTED_EDGE('',*,*,#4322,.T.);
#4320=EDGE_CURVE('',#273,#271,#4323,.F.);
#4321=EDGE_CURVE('',#271,#275,#4324,.T.);
#4322=EDGE_CURVE('',#275,#273,#4325,.T.);
#4323=LINE('',#272,#4326);
#4324=LINE('',#270,#4327);
#4325=LINE('',#274,#4328);
#4326=VECTOR('',#4329,1.0);
#4327=VECTOR('',#4330,1.0);
#4328=VECTOR('',#4331,1.0);
#4329=DIRECTION('',(0,-1,0));
#4330=DIRECTION('',(-0.09801730457575766,0,0.9951847104953447));
#4331=DIRECTION('',(0.0038399996206927777,0.9992322963718833,-0.0389881044715704));
#4332=FACE_SURFACE('',(#4337),#4333,.T.);
#4333=PLANE('',#4334);
#4334=AXIS2_PLACEMENT_3D('',#272,#4335,#4336);
#4335=DIRECTION('',(-0.9951847104953447,0,-0.09801730457575766));
#4336=DIRECTION('',(-0.0038399996206927777,-0.9992322963718833,0.0389881044715704));
#4337=FACE_BOUND('',#4338,.T.);
#4338=EDGE_LOOP('',(#4339,#4340,#4341));
#4339=ORIENTED_EDGE('',*,*,#4342,.T.);
#4340=ORIENTED_EDGE('',*,*,#4343,.T.);
#4341=ORIENTED_EDGE('',*,*,#4344,.T.);
#4342=EDGE_CURVE('',#273,#275,#4345,.F.);
#4343=EDGE_CURVE('',#275,#277,#4346,.T.);
#4344=EDGE_CURVE('',#277,#273,#4347,.T.);
#4345=LINE('',#272,#4348);
#4346=LINE('',#274,#4349);
#4347=LINE('',#276,#4350);
#4348=VECTOR('',#4351,1.0);
#4349=VECTOR('',#4352,1.0);
#4350=VECTOR('',#4353,1.0);
#4351=DIRECTION('',(-0.0038399996206927777,-0.9992322963718833,0.0389881044715704));
#4352=DIRECTION('',(0,1,0));
#4353=DIRECTION('',(0.09801730457575766,0,-0.9951847104953447));
#4354=FACE_SURFACE('',(#4359),#4355,.T.);
#4355=PLANE('',#4356);
#4356=AXIS2_PLACEMENT_3D('',#276,#4357,#4358);
#4357=DIRECTION('',(-0.9951847104953447,0,0.09801730457575766));
#4358=DIRECTION('',(0,-1,0));
#4359=FACE_BOUND('',#4360,.T.);
#4360=EDGE_LOOP('',(#4361,#4362,#4363));
#4361=ORIENTED_EDGE('',*,*,#4364,.T.);
#4362=ORIENTED_EDGE('',*,*,#4365,.T.);
#4363=ORIENTED_EDGE('',*,*,#4366,.T.);
#4364=EDGE_CURVE('',#277,#275,#4367,.F.);
#4365=EDGE_CURVE('',#275,#279,#4368,.T.);
#4366=EDGE_CURVE('',#279,#277,#4369,.T.);
#4367=LINE('',#276,#4370);
#4368=LINE('',#274,#4371);
#4369=LINE('',#278,#4372);
#4370=VECTOR('',#4373,1.0);
#4371=VECTOR('',#4374,1.0);
#4372=VECTOR('',#4375,1.0);
#4373=DIRECTION('',(0,-1,0));
#4374=DIRECTION('',(0.09801730457575766,0,0.9951847104953447));
#4375=DIRECTION('',(-0.0038399996206927777,0.9992322963718833,-0.0389881044715704));
#4376=FACE_SURFACE('',(#4381),#4377,.T.);
#4377=PLANE('',#4378);
#4378=AXIS2_PLACEMENT_3D('',#276,#4379,#4380);
#4379=DIRECTION('',(-0.9951847104953447,0,0.09801730457575766));
#4380=DIRECTION('',(0.0038399996206927777,-0.9992322963718833,0.0389881044715704));
#4381=FACE_BOUND('',#4382,.T.);
#4382=EDGE_LOOP('',(#4383,#4384,#4385));
#4383=ORIENTED_EDGE('',*,*,#4386,.T.);
#4384=ORIENTED_EDGE('',*,*,#4387,.T.);
#4385=ORIENTED_EDGE('',*,*,#4388,.T.);
#4386=EDGE_CURVE('',#277,#279,#4389,.F.);
#4387=EDGE_CURVE('',#279,#281,#4390,.T.);
#4388=EDGE_CURVE('',#281,#277,#4391,.T.);
#4389=LINE('',#276,#4392);
#4390=LINE('',#278,#4393);
#4391=LINE('',#280,#4394);
#4392=VECTOR('',#4395,1.0);
#4393=VECTOR('',#4396,1.0);
#4394=VECTOR('',#4397,1.0);
#4395=DIRECTION('',(0.0038399996206927777,-0.9992322963718833,0.0389881044715704));
#4396=DIRECTION('',(0,1,0));
#4397=DIRECTION('',(-0.09801730457575766,0,-0.9951847104953447));
#4398=FACE_SURFACE('',(#4403),#4399,.T.);
#4399=PLANE('',#4400);
#4400=AXIS2_PLACEMENT_3D('',#280,#4401,#4402);
#4401=DIRECTION('',(-0.956940488093897,0,0.29028417498481407));
#4402=DIRECTION('',(0,-1,0));
#4403=FACE_BOUND('',#4404,.T.);
#4404=EDGE_LOOP('',(#4405,#4406,#4407));
#4405=ORIENTED_EDGE('',*,*,#4408,.T.);
#4406=ORIENTED_EDGE('',*,*,#4409,.T.);
#4407=ORIENTED_EDGE('',*,*,#4410,.T.);
#4408=EDGE_CURVE('',#281,#279,#4411,.F.);
#4409=EDGE_CURVE('',#279,#283,#4412,.T.);
#4410=EDGE_CURVE('',#283,#281,#4413,.T.);
#4411=LINE('',#280,#4414);
#4412=LINE('',#278,#4415);
#4413=LINE('',#282,#4416);
#4414=VECTOR('',#4417,1.0);
#4415=VECTOR('',#4418,1.0);
#4416=VECTOR('',#4419,1.0);
#4417=DIRECTION('',(0,-1,0));
#4418=DIRECTION('',(0.29028417498481407,0,0.956940488093897));
#4419=DIRECTION('',(-0.011372411910393456,0.9992322935606442,-0.03748988867514421));
#4420=FACE_SURFACE('',(#4425),#4421,.T.);
#4421=PLANE('',#4422);
#4422=AXIS2_PLACEMENT_3D('',#280,#4423,#4424);
#4423=DIRECTION('',(-0.956940488093897,0,0.29028417498481407));
#4424=DIRECTION('',(0.011372411910393456,-0.9992322935606442,0.03748988867514421));
#4425=FACE_BOUND('',#4426,.T.);
#4426=EDGE_LOOP('',(#4427,#4428,#4429));
#4427=ORIENTED_EDGE('',*,*,#4430,.T.);
#4428=ORIENTED_EDGE('',*,*,#4431,.T.);
#4429=ORIENTED_EDGE('',*,*,#4432,.T.);
#4430=EDGE_CURVE('',#281,#283,#4433,.F.);
#4431=EDGE_CURVE('',#283,#285,#4434,.T.);
#4432=EDGE_CURVE('',#285,#281,#4435,.T.);
#4433=LINE('',#280,#4436);
#4434=LINE('',#282,#4437);
#4435=LINE('',#284,#4438);
#4436=VECTOR('',#4439,1.0);
#4437=VECTOR('',#4440,1.0);
#4438=VECTOR('',#4441,1.0);
#4439=DIRECTION('',(0.011372411910393456,-0.9992322935606442,0.03748988867514421));
#4440=DIRECTION('',(0,1,0));
#4441=DIRECTION('',(-0.29028417498481407,0,-0.956940488093897));
#4442=FACE_SURFACE('',(#4447),#4443,.T.);
#4443=PLANE('',#4444);
#4444=AXIS2_PLACEMENT_3D('',#284,#4445,#4446);
#4445=DIRECTION('',(-0.8819213427818385,0,0.4713965900872416));
#4446=DIRECTION('',(0,-1,0));
#4447=FACE_BOUND('',#4448,.T.);
#4448=EDGE_LOOP('',(#4449,#4450,#4451));
#4449=ORIENTED_EDGE('',*,*,#4452,.T.);
#4450=ORIENTED_EDGE('',*,*,#4453,.T.);
#4451=ORIENTED_EDGE('',*,*,#4454,.T.);
#4452=EDGE_CURVE('',#285,#283,#4455,.F.);
#4453=EDGE_CURVE('',#283,#287,#4456,.T.);
#4454=EDGE_CURVE('',#287,#285,#4457,.T.);
#4455=LINE('',#284,#4458);
#4456=LINE('',#282,#4459);
#4457=LINE('',#286,#4460);
#4458=VECTOR('',#4461,1.0);
#4459=VECTOR('',#4462,1.0);
#4460=VECTOR('',#4463,1.0);
#4461=DIRECTION('',(0,-1,0));
#4462=DIRECTION('',(0.4713965900872416,0,0.8819213427818385));
#4463=DIRECTION('',(-0.018467793060913708,0.9992322958880766,-0.034550824501050945));
#4464=FACE_SURFACE('',(#4469),#4465,.T.);
#4465=PLANE('',#4466);
#4466=AXIS2_PLACEMENT_3D('',#284,#4467,#4468);
#4467=DIRECTION('',(-0.8819213427818385,0,0.4713965900872416));
#4468=DIRECTION('',(0.018467793060913708,-0.9992322958880766,0.034550824501050945));
#4469=FACE_BOUND('',#4470,.T.);
#4470=EDGE_LOOP('',(#4471,#4472,#4473));
#4471=ORIENTED_EDGE('',*,*,#4474,.T.);
#4472=ORIENTED_EDGE('',*,*,#4475,.T.);
#4473=ORIENTED_EDGE('',*,*,#4476,.T.);
#4474=EDGE_CURVE('',#285,#287,#4477,.F.);
#4475=EDGE_CURVE('',#287,#289,#4478,.T.);
#4476=EDGE_CURVE('',#289,#285,#4479,.T.);
#4477=LINE('',#284,#4480);
#4478=LINE('',#286,#4481);
#4479=LINE('',#288,#4482);
#4480=VECTOR('',#4483,1.0);
#4481=VECTOR('',#4484,1.0);
#4482=VECTOR('',#4485,1.0);
#4483=DIRECTION('',(0.018467793060913708,-0.9992322958880766,0.034550824501050945));
#4484=DIRECTION('',(0,1,0));
#4485=DIRECTION('',(-0.4713965900872416,0,-0.8819213427818385));
#4486=FACE_SURFACE('',(#4491),#4487,.T.);
#4487=PLANE('',#4488);
#4488=AXIS2_PLACEMENT_3D('',#288,#4489,#4490);
#4489=DIRECTION('',(-0.7730093149756899,0,0.634394671289738));
#4490=DIRECTION('',(0,-1,0));
#4491=FACE_BOUND('',#4492,.T.);
#4492=EDGE_LOOP('',(#4493,#4494,#4495));
#4493=ORIENTED_EDGE('',*,*,#4496,.T.);
#4494=ORIENTED_EDGE('',*,*,#4497,.T.);
#4495=ORIENTED_EDGE('',*,*,#4498,.T.);
#4496=EDGE_CURVE('',#289,#287,#4499,.F.);
#4497=EDGE_CURVE('',#287,#291,#4500,.T.);
#4498=EDGE_CURVE('',#291,#289,#4501,.T.);
#4499=LINE('',#288,#4502);
#4500=LINE('',#286,#4503);
#4501=LINE('',#290,#4504);
#4502=VECTOR('',#4505,1.0);
#4503=VECTOR('',#4506,1.0);
#4504=VECTOR('',#4507,1.0);
#4505=DIRECTION('',(0,-1,0));
#4506=DIRECTION('',(0.6343946712897379,0,0.7730093149756899));
#4507=DIRECTION('',(-0.024853470590860953,0.9992322995878234,-0.030283930722733762));
#4508=FACE_SURFACE('',(#4513),#4509,.T.);
#4509=PLANE('',#4510);
#4510=AXIS2_PLACEMENT_3D('',#288,#4511,#4512);
#4511=DIRECTION('',(-0.7730093149756899,0,0.634394671289738));
#4512=DIRECTION('',(0.024853470590860953,-0.9992322995878234,0.030283930722733762));
#4513=FACE_BOUND('',#4514,.T.);
#4514=EDGE_LOOP('',(#4515,#4516,#4517));
#4515=ORIENTED_EDGE('',*,*,#4518,.T.);
#4516=ORIENTED_EDGE('',*,*,#4519,.T.);
#4517=ORIENTED_EDGE('',*,*,#4520,.T.);
#4518=EDGE_CURVE('',#289,#291,#4521,.F.);
#4519=EDGE_CURVE('',#291,#293,#4522,.T.);
#4520=EDGE_CURVE('',#293,#289,#4523,.T.);
#4521=LINE('',#288,#4524);
#4522=LINE('',#290,#4525);
#4523=LINE('',#292,#4526);
#4524=VECTOR('',#4527,1.0);
#4525=VECTOR('',#4528,1.0);
#4526=VECTOR('',#4529,1.0);
#4527=DIRECTION('',(0.024853470590860953,-0.9992322995878234,0.030283930722733762));
#4528=DIRECTION('',(0,1,0));
#4529=DIRECTION('',(-0.6343946712897379,0,-0.7730093149756899));
#4530=FACE_SURFACE('',(#4535),#4531,.T.);
#4531=PLANE('',#4532);
#4532=AXIS2_PLACEMENT_3D('',#292,#4533,#4534);
#4533=DIRECTION('',(-0.6343936927128198,0,0.7730101180749139));
#4534=DIRECTION('',(0,-1,0));
#4535=FACE_BOUND('',#4536,.T.);
#4536=EDGE_LOOP('',(#4537,#4538,#4539));
#4537=ORIENTED_EDGE('',*,*,#4540,.T.);
#4538=ORIENTED_EDGE('',*,*,#4541,.T.);
#4539=ORIENTED_EDGE('',*,*,#4542,.T.);
#4540=EDGE_CURVE('',#293,#291,#4543,.F.);
#4541=EDGE_CURVE('',#291,#295,#4544,.T.);
#4542=EDGE_CURVE('',#295,#293,#4545,.T.);
#4543=LINE('',#292,#4546);
#4544=LINE('',#290,#4547);
#4545=LINE('',#294,#4548);
#4546=VECTOR('',#4549,1.0);
#4547=VECTOR('',#4550,1.0);
#4548=VECTOR('',#4551,1.0);
#4549=DIRECTION('',(0,-1,0));
#4550=DIRECTION('',(0.7730101180749139,0,0.6343936927128199));
#4551=DIRECTION('',(-0.030284037812477006,0.9992322957520475,-0.02485349431900978));
#4552=FACE_SURFACE('',(#4557),#4553,.T.);
#4553=PLANE('',#4554);
#4554=AXIS2_PLACEMENT_3D('',#292,#4555,#4556);
#4555=DIRECTION('',(-0.6343936927128198,0,0.7730101180749139));
#4556=DIRECTION('',(0.030284037812477006,-0.9992322957520475,0.02485349431900978));
#4557=FACE_BOUND('',#4558,.T.);
#4558=EDGE_LOOP('',(#4559,#4560,#4561));
#4559=ORIENTED_EDGE('',*,*,#4562,.T.);
#4560=ORIENTED_EDGE('',*,*,#4563,.T.);
#4561=ORIENTED_EDGE('',*,*,#4564,.T.);
#4562=EDGE_CURVE('',#293,#295,#4565,.F.);
#4563=EDGE_CURVE('',#295,#297,#4566,.T.);
#4564=EDGE_CURVE('',#297,#293,#4567,.T.);
#4565=LINE('',#292,#4568);
#4566=LINE('',#294,#4569);
#4567=LINE('',#296,#4570);
#4568=VECTOR('',#4571,1.0);
#4569=VECTOR('',#4572,1.0);
#4570=VECTOR('',#4573,1.0);
#4571=DIRECTION('',(0.030284037812477006,-0.9992322957520475,0.02485349431900978));
#4572=DIRECTION('',(0,1,0));
#4573=DIRECTION('',(-0.7730101180749139,0,-0.6343936927128199));
#4574=FACE_SURFACE('',(#4579),#4575,.T.);
#4575=PLANE('',#4576);
#4576=AXIS2_PLACEMENT_3D('',#296,#4577,#4578);
#4577=DIRECTION('',(-0.4713974259536121,0,0.8819208960016248));
#4578=DIRECTION('',(0,-1,0));
#4579=FACE_BOUND('',#4580,.T.);
#4580=EDGE_LOOP('',(#4581,#4582,#4583));
#4581=ORIENTED_EDGE('',*,*,#4584,.T.);
#4582=ORIENTED_EDGE('',*,*,#4585,.T.);
#4583=ORIENTED_EDGE('',*,*,#4586,.T.);
#4584=EDGE_CURVE('',#297,#295,#4587,.F.);
#4585=EDGE_CURVE('',#295,#299,#4588,.T.);
#4586=EDGE_CURVE('',#299,#297,#4589,.T.);
#4587=LINE('',#296,#4590);
#4588=LINE('',#294,#4591);
#4589=LINE('',#298,#4592);
#4590=VECTOR('',#4593,1.0);
#4591=VECTOR('',#4594,1.0);
#4592=VECTOR('',#4595,1.0);
#4593=DIRECTION('',(0,-1,0));
#4594=DIRECTION('',(0.8819208960016248,0,0.47139742595361206));
#4595=DIRECTION('',(-0.0345508125806916,0.9992322956398757,-0.018467828791658078));
#4596=FACE_SURFACE('',(#4601),#4597,.T.);
#4597=PLANE('',#4598);
#4598=AXIS2_PLACEMENT_3D('',#296,#4599,#4600);
#4599=DIRECTION('',(-0.4713974259536121,0,0.8819208960016248));
#4600=DIRECTION('',(0.0345508125806916,-0.9992322956398757,0.018467828791658078));
#4601=FACE_BOUND('',#4602,.T.);
#4602=EDGE_LOOP('',(#4603,#4604,#4605));
#4603=ORIENTED_EDGE('',*,*,#4606,.T.);
#4604=ORIENTED_EDGE('',*,*,#4607,.T.);
#4605=ORIENTED_EDGE('',*,*,#4608,.T.);
#4606=EDGE_CURVE('',#297,#299,#4609,.F.);
#4607=EDGE_CURVE('',#299,#301,#4610,.T.);
#4608=EDGE_CURVE('',#301,#297,#4611,.T.);
#4609=LINE('',#296,#4612);
#4610=LINE('',#298,#4613);
#4611=LINE('',#300,#4614);
#4612=VECTOR('',#4615,1.0);
#4613=VECTOR('',#4616,1.0);
#4614=VECTOR('',#4617,1.0);
#4615=DIRECTION('',(0.0345508125806916,-0.9992322956398757,0.018467828791658078));
#4616=DIRECTION('',(0,1,0));
#4617=DIRECTION('',(-0.8819208960016248,0,-0.47139742595361206));
#4618=FACE_SURFACE('',(#4623),#4619,.T.);
#4619=PLANE('',#4620);
#4620=AXIS2_PLACEMENT_3D('',#186,#4621,#4622);
#4621=DIRECTION('',(0,-1,0));
#4622=DIRECTION('',(-0.9569403471787125,0,0.29028463952039396));
#4623=FACE_BOUND('',#4624,.T.);
#4624=EDGE_LOOP('',(#4625,#4626,#4627));
#4625=ORIENTED_EDGE('',*,*,#4628,.T.);
#4626=ORIENTED_EDGE('',*,*,#4629,.T.);
#4627=ORIENTED_EDGE('',*,*,#4630,.T.);
#4628=EDGE_CURVE('',#187,#183,#4631,.F.);
#4629=EDGE_CURVE('',#183,#181,#4632,.T.);
#4630=EDGE_CURVE('',#181,#187,#4633,.T.);
#4631=LINE('',#186,#4634);
#4632=LINE('',#182,#4635);
#4633=LINE('',#180,#4636);
#4634=VECTOR('',#4637,1.0);
#4635=VECTOR('',#4638,1.0);
#4636=VECTOR('',#4639,1.0);
#4637=DIRECTION('',(-0.9569403471787125,0,0.29028463952039396));
#4638=DIRECTION('',(-0.9951847712734603,0,0.0980166874842775));
#4639=DIRECTION('',(0.9807853272807893,0,-0.19509008634657707));
#4640=FACE_SURFACE('',(#4645),#4641,.T.);
#4641=PLANE('',#4642);
#4642=AXIS2_PLACEMENT_3D('',#180,#4643,#4644);
#4643=DIRECTION('',(0,-1,0));
#4644=DIRECTION('',(-0.9951847712734603,0,-0.0980166874842775));
#4645=FACE_BOUND('',#4646,.T.);
#4646=EDGE_LOOP('',(#4647,#4648,#4649));
#4647=ORIENTED_EDGE('',*,*,#4650,.T.);
#4648=ORIENTED_EDGE('',*,*,#4651,.T.);
#4649=ORIENTED_EDGE('',*,*,#4652,.T.);
#4650=EDGE_CURVE('',#181,#303,#4653,.F.);
#4651=EDGE_CURVE('',#303,#299,#4654,.T.);
#4652=EDGE_CURVE('',#299,#181,#4655,.T.);
#4653=LINE('',#180,#4656);
#4654=LINE('',#302,#4657);
#4655=LINE('',#298,#4658);
#4656=VECTOR('',#4659,1.0);
#4657=VECTOR('',#4660,1.0);
#4658=VECTOR('',#4661,1.0);
#4659=DIRECTION('',(-0.9951847712734603,0,-0.0980166874842775));
#4660=DIRECTION('',(-0.9569403471787125,0,-0.29028463952039396));
#4661=DIRECTION('',(0.9807853272807893,0,0.19509008634657707));
#4662=FACE_SURFACE('',(#4667),#4663,.T.);
#4663=PLANE('',#4664);
#4664=AXIS2_PLACEMENT_3D('',#298,#4665,#4666);
#4665=DIRECTION('',(0,-1,0));
#4666=DIRECTION('',(-0.8819208960016248,0,-0.47139742595361206));
#4667=FACE_BOUND('',#4668,.T.);
#4668=EDGE_LOOP('',(#4669,#4670,#4671));
#4669=ORIENTED_EDGE('',*,*,#4672,.T.);
#4670=ORIENTED_EDGE('',*,*,#4673,.T.);
#4671=ORIENTED_EDGE('',*,*,#4674,.T.);
#4672=EDGE_CURVE('',#299,#295,#4675,.F.);
#4673=EDGE_CURVE('',#295,#291,#4676,.T.);
#4674=EDGE_CURVE('',#291,#299,#4677,.T.);
#4675=LINE('',#298,#4678);
#4676=LINE('',#294,#4679);
#4677=LINE('',#290,#4680);
#4678=VECTOR('',#4681,1.0);
#4679=VECTOR('',#4682,1.0);
#4680=VECTOR('',#4683,1.0);
#4681=DIRECTION('',(-0.8819208960016248,0,-0.47139742595361206));
#4682=DIRECTION('',(-0.7730101180749139,0,-0.6343936927128199));
#4683=DIRECTION('',(0.8314692504297169,0,0.5555707746001806));
#4684=FACE_SURFACE('',(#4689),#4685,.T.);
#4685=PLANE('',#4686);
#4686=AXIS2_PLACEMENT_3D('',#290,#4687,#4688);
#4687=DIRECTION('',(0,-1,0));
#4688=DIRECTION('',(-0.6343946712897379,0,-0.7730093149756899));
#4689=FACE_BOUND('',#4690,.T.);
#4690=EDGE_LOOP('',(#4691,#4692,#4693));
#4691=ORIENTED_EDGE('',*,*,#4694,.T.);
#4692=ORIENTED_EDGE('',*,*,#4695,.T.);
#4693=ORIENTED_EDGE('',*,*,#4696,.T.);
#4694=EDGE_CURVE('',#291,#287,#4697,.F.);
#4695=EDGE_CURVE('',#287,#283,#4698,.T.);
#4696=EDGE_CURVE('',#283,#291,#4699,.T.);
#4697=LINE('',#290,#4700);
#4698=LINE('',#286,#4701);
#4699=LINE('',#282,#4702);
#4700=VECTOR('',#4703,1.0);
#4701=VECTOR('',#4704,1.0);
#4702=VECTOR('',#4705,1.0);
#4703=DIRECTION('',(-0.6343946712897379,0,-0.7730093149756899));
#4704=DIRECTION('',(-0.4713965900872416,0,-0.8819213427818385));
#4705=DIRECTION('',(0.5555708110819293,0,0.8314692260533562));
#4706=FACE_SURFACE('',(#4711),#4707,.T.);
#4707=PLANE('',#4708);
#4708=AXIS2_PLACEMENT_3D('',#282,#4709,#4710);
#4709=DIRECTION('',(0,-1,0));
#4710=DIRECTION('',(-0.29028417498481407,0,-0.956940488093897));
#4711=FACE_BOUND('',#4712,.T.);
#4712=EDGE_LOOP('',(#4713,#4714,#4715));
#4713=ORIENTED_EDGE('',*,*,#4716,.T.);
#4714=ORIENTED_EDGE('',*,*,#4717,.T.);
#4715=ORIENTED_EDGE('',*,*,#4718,.T.);
#4716=EDGE_CURVE('',#283,#279,#4719,.F.);
#4717=EDGE_CURVE('',#279,#275,#4720,.T.);
#4718=EDGE_CURVE('',#275,#283,#4721,.T.);
#4719=LINE('',#282,#4722);
#4720=LINE('',#278,#4723);
#4721=LINE('',#274,#4724);
#4722=VECTOR('',#4725,1.0);
#4723=VECTOR('',#4726,1.0);
#4724=VECTOR('',#4727,1.0);
#4725=DIRECTION('',(-0.29028417498481407,0,-0.956940488093897));
#4726=DIRECTION('',(-0.09801730457575766,0,-0.9951847104953447));
#4727=DIRECTION('',(0.19509023409329576,0,0.9807852978921651));
#4728=FACE_SURFACE('',(#4733),#4729,.T.);
#4729=PLANE('',#4730);
#4730=AXIS2_PLACEMENT_3D('',#274,#4731,#4732);
#4731=DIRECTION('',(0,-1,0));
#4732=DIRECTION('',(0.09801730457575766,0,-0.9951847104953447));
#4733=FACE_BOUND('',#4734,.T.);
#4734=EDGE_LOOP('',(#4735,#4736,#4737));
#4735=ORIENTED_EDGE('',*,*,#4738,.T.);
#4736=ORIENTED_EDGE('',*,*,#4739,.T.);
#4737=ORIENTED_EDGE('',*,*,#4740,.T.);
#4738=EDGE_CURVE('',#275,#271,#4741,.F.);
#4739=EDGE_CURVE('',#271,#267,#4742,.T.);
#4740=EDGE_CURVE('',#267,#275,#4743,.T.);
#4741=LINE('',#274,#4744);
#4742=LINE('',#270,#4745);
#4743=LINE('',#266,#4746);
#4744=VECTOR('',#4747,1.0);
#4745=VECTOR('',#4748,1.0);
#4746=VECTOR('',#4749,1.0);
#4747=DIRECTION('',(0.09801730457575766,0,-0.9951847104953447));
#4748=DIRECTION('',(0.29028417498481407,0,-0.956940488093897));
#4749=DIRECTION('',(-0.19509023409329576,0,0.9807852978921651));
#4750=FACE_SURFACE('',(#4755),#4751,.T.);
#4751=PLANE('',#4752);
#4752=AXIS2_PLACEMENT_3D('',#266,#4753,#4754);
#4753=DIRECTION('',(0,-1,0));
#4754=DIRECTION('',(0.4713965900872416,0,-0.8819213427818385));
#4755=FACE_BOUND('',#4756,.T.);
#4756=EDGE_LOOP('',(#4757,#4758,#4759));
#4757=ORIENTED_EDGE('',*,*,#4760,.T.);
#4758=ORIENTED_EDGE('',*,*,#4761,.T.);
#4759=ORIENTED_EDGE('',*,*,#4762,.T.);
#4760=EDGE_CURVE('',#267,#263,#4763,.F.);
#4761=EDGE_CURVE('',#263,#259,#4764,.T.);
#4762=EDGE_CURVE('',#259,#267,#4765,.T.);
#4763=LINE('',#266,#4766);
#4764=LINE('',#262,#4767);
#4765=LINE('',#258,#4768);
#4766=VECTOR('',#4769,1.0);
#4767=VECTOR('',#4770,1.0);
#4768=VECTOR('',#4771,1.0);
#4769=DIRECTION('',(0.4713965900872416,0,-0.8819213427818385));
#4770=DIRECTION('',(0.6343946712897379,0,-0.7730093149756899));
#4771=DIRECTION('',(-0.5555708110819293,0,0.8314692260533562));
#4772=FACE_SURFACE('',(#4777),#4773,.T.);
#4773=PLANE('',#4774);
#4774=AXIS2_PLACEMENT_3D('',#258,#4775,#4776);
#4775=DIRECTION('',(0,-1,0));
#4776=DIRECTION('',(0.7730101180749139,0,-0.6343936927128199));
#4777=FACE_BOUND('',#4778,.T.);
#4778=EDGE_LOOP('',(#4779,#4780,#4781));
#4779=ORIENTED_EDGE('',*,*,#4782,.T.);
#4780=ORIENTED_EDGE('',*,*,#4783,.T.);
#4781=ORIENTED_EDGE('',*,*,#4784,.T.);
#4782=EDGE_CURVE('',#259,#255,#4785,.F.);
#4783=EDGE_CURVE('',#255,#251,#4786,.T.);
#4784=EDGE_CURVE('',#251,#259,#4787,.T.);
#4785=LINE('',#258,#4788);
#4786=LINE('',#254,#4789);
#4787=LINE('',#250,#4790);
#4788=VECTOR('',#4791,1.0);
#4789=VECTOR('',#4792,1.0);
#4790=VECTOR('',#4793,1.0);
#4791=DIRECTION('',(0.7730101180749139,0,-0.6343936927128199));
#4792=DIRECTION('',(0.8819208960016248,0,-0.47139742595361206));
#4793=DIRECTION('',(-0.8314692504297169,0,0.5555707746001806));
#4794=FACE_SURFACE('',(#4799),#4795,.T.);
#4795=PLANE('',#4796);
#4796=AXIS2_PLACEMENT_3D('',#250,#4797,#4798);
#4797=DIRECTION('',(0,-1,0));
#4798=DIRECTION('',(0.9569403471787125,0,-0.29028463952039396));
#4799=FACE_BOUND('',#4800,.T.);
#4800=EDGE_LOOP('',(#4801,#4802,#4803));
#4801=ORIENTED_EDGE('',*,*,#4804,.T.);
#4802=ORIENTED_EDGE('',*,*,#4805,.T.);
#4803=ORIENTED_EDGE('',*,*,#4806,.T.);
#4804=EDGE_CURVE('',#251,#247,#4807,.F.);
#4805=EDGE_CURVE('',#247,#243,#4808,.T.);
#4806=EDGE_CURVE('',#243,#251,#4809,.T.);
#4807=LINE('',#250,#4810);
#4808=LINE('',#246,#4811);
#4809=LINE('',#242,#4812);
#4810=VECTOR('',#4813,1.0);
#4811=VECTOR('',#4814,1.0);
#4812=VECTOR('',#4815,1.0);
#4813=DIRECTION('',(0.9569403471787125,0,-0.29028463952039396));
#4814=DIRECTION('',(0.9951847712734603,0,-0.0980166874842775));
#4815=DIRECTION('',(-0.9807853272807893,0,0.19509008634657707));
#4816=FACE_SURFACE('',(#4821),#4817,.T.);
#4817=PLANE('',#4818);
#4818=AXIS2_PLACEMENT_3D('',#242,#4819,#4820);
#4819=DIRECTION('',(0,-1,0));
#4820=DIRECTION('',(0.9951847712734603,0,0.0980166874842775));
#4821=FACE_BOUND('',#4822,.T.);
#4822=EDGE_LOOP('',(#4823,#4824,#4825));
#4823=ORIENTED_EDGE('',*,*,#4826,.T.);
#4824=ORIENTED_EDGE('',*,*,#4827,.T.);
#4825=ORIENTED_EDGE('',*,*,#4828,.T.);
#4826=EDGE_CURVE('',#243,#239,#4829,.F.);
#4827=EDGE_CURVE('',#239,#235,#4830,.T.);
#4828=EDGE_CURVE('',#235,#243,#4831,.T.);
#4829=LINE('',#242,#4832);
#4830=LINE('',#238,#4833);
#4831=LINE('',#234,#4834);
#4832=VECTOR('',#4835,1.0);
#4833=VECTOR('',#4836,1.0);
#4834=VECTOR('',#4837,1.0);
#4835=DIRECTION('',(0.9951847712734603,0,0.0980166874842775));
#4836=DIRECTION('',(0.9569403471787125,0,0.29028463952039396));
#4837=DIRECTION('',(-0.9807853272807893,0,-0.19509008634657707));
#4838=FACE_SURFACE('',(#4843),#4839,.T.);
#4839=PLANE('',#4840);
#4840=AXIS2_PLACEMENT_3D('',#234,#4841,#4842);
#4841=DIRECTION('',(0,-1,0));
#4842=DIRECTION('',(0.8819208960016248,0,0.47139742595361206));
#4843=FACE_BOUND('',#4844,.T.);
#4844=EDGE_LOOP('',(#4845,#4846,#4847));
#4845=ORIENTED_EDGE('',*,*,#4848,.T.);
#4846=ORIENTED_EDGE('',*,*,#4849,.T.);
#4847=ORIENTED_EDGE('',*,*,#4850,.T.);
#4848=EDGE_CURVE('',#235,#231,#4851,.F.);
#4849=EDGE_CURVE('',#231,#227,#4852,.T.);
#4850=EDGE_CURVE('',#227,#235,#4853,.T.);
#4851=LINE('',#234,#4854);
#4852=LINE('',#230,#4855);
#4853=LINE('',#226,#4856);
#4854=VECTOR('',#4857,1.0);
#4855=VECTOR('',#4858,1.0);
#4856=VECTOR('',#4859,1.0);
#4857=DIRECTION('',(0.8819208960016248,0,0.47139742595361206));
#4858=DIRECTION('',(0.7730101180749139,0,0.6343936927128199));
#4859=DIRECTION('',(-0.8314692504297169,0,-0.5555707746001806));
#4860=FACE_SURFACE('',(#4865),#4861,.T.);
#4861=PLANE('',#4862);
#4862=AXIS2_PLACEMENT_3D('',#226,#4863,#4864);
#4863=DIRECTION('',(0,-1,0));
#4864=DIRECTION('',(0.6343946712897379,0,0.7730093149756899));
#4865=FACE_BOUND('',#4866,.T.);
#4866=EDGE_LOOP('',(#4867,#4868,#4869));
#4867=ORIENTED_EDGE('',*,*,#4870,.T.);
#4868=ORIENTED_EDGE('',*,*,#4871,.T.);
#4869=ORIENTED_EDGE('',*,*,#4872,.T.);
#4870=EDGE_CURVE('',#227,#223,#4873,.F.);
#4871=EDGE_CURVE('',#223,#219,#4874,.T.);
#4872=EDGE_CURVE('',#219,#227,#4875,.T.);
#4873=LINE('',#226,#4876);
#4874=LINE('',#222,#4877);
#4875=LINE('',#218,#4878);
#4876=VECTOR('',#4879,1.0);
#4877=VECTOR('',#4880,1.0);
#4878=VECTOR('',#4881,1.0);
#4879=DIRECTION('',(0.6343946712897379,0,0.7730093149756899));
#4880=DIRECTION('',(0.4713965900872416,0,0.8819213427818385));
#4881=DIRECTION('',(-0.5555708110819293,0,-0.8314692260533562));
#4882=FACE_SURFACE('',(#4887),#4883,.T.);
#4883=PLANE('',#4884);
#4884=AXIS2_PLACEMENT_3D('',#218,#4885,#4886);
#4885=DIRECTION('',(0,-1,0));
#4886=DIRECTION('',(0.29028417498481407,0,0.956940488093897));
#4887=FACE_BOUND('',#4888,.T.);
#4888=EDGE_LOOP('',(#4889,#4890,#4891));
#4889=ORIENTED_EDGE('',*,*,#4892,.T.);
#4890=ORIENTED_EDGE('',*,*,#4893,.T.);
#4891=ORIENTED_EDGE('',*,*,#4894,.T.);
#4892=EDGE_CURVE('',#219,#215,#4895,.F.);
#4893=EDGE_CURVE('',#215,#211,#4896,.T.);
#4894=EDGE_CURVE('',#211,#219,#4897,.T.);
#4895=LINE('',#218,#4898);
#4896=LINE('',#214,#4899);
#4897=LINE('',#210,#4900);
#4898=VECTOR('',#4901,1.0);
#4899=VECTOR('',#4902,1.0);
#4900=VECTOR('',#4903,1.0);
#4901=DIRECTION('',(0.29028417498481407,0,0.956940488093897));
#4902=DIRECTION('',(0.09801730457575766,0,0.9951847104953447));
#4903=DIRECTION('',(-0.19509023409329576,0,-0.9807852978921651));
#4904=FACE_SURFACE('',(#4909),#4905,.T.);
#4905=PLANE('',#4906);
#4906=AXIS2_PLACEMENT_3D('',#210,#4907,#4908);
#4907=DIRECTION('',(0,-1,0));
#4908=DIRECTION('',(-0.09801730457575766,0,0.9951847104953447));
#4909=FACE_BOUND('',#4910,.T.);
#4910=EDGE_LOOP('',(#4911,#4912,#4913));
#4911=ORIENTED_EDGE('',*,*,#4914,.T.);
#4912=ORIENTED_EDGE('',*,*,#4915,.T.);
#4913=ORIENTED_EDGE('',*,*,#4916,.T.);
#4914=EDGE_CURVE('',#211,#207,#4917,.F.);
#4915=EDGE_CURVE('',#207,#203,#4918,.T.);
#4916=EDGE_CURVE('',#203,#211,#4919,.T.);
#4917=LINE('',#210,#4920);
#4918=LINE('',#206,#4921);
#4919=LINE('',#202,#4922);
#4920=VECTOR('',#4923,1.0);
#4921=VECTOR('',#4924,1.0);
#4922=VECTOR('',#4925,1.0);
#4923=DIRECTION('',(-0.09801730457575766,0,0.9951847104953447));
#4924=DIRECTION('',(-0.29028417498481407,0,0.956940488093897));
#4925=DIRECTION('',(0.19509023409329576,0,-0.9807852978921651));
#4926=FACE_SURFACE('',(#4931),#4927,.T.);
#4927=PLANE('',#4928);
#4928=AXIS2_PLACEMENT_3D('',#202,#4929,#4930);
#4929=DIRECTION('',(0,-1,0));
#4930=DIRECTION('',(-0.4713965900872416,0,0.8819213427818385));
#4931=FACE_BOUND('',#4932,.T.);
#4932=EDGE_LOOP('',(#4933,#4934,#4935));
#4933=ORIENTED_EDGE('',*,*,#4936,.T.);
#4934=ORIENTED_EDGE('',*,*,#4937,.T.);
#4935=ORIENTED_EDGE('',*,*,#4938,.T.);
#4936=EDGE_CURVE('',#203,#199,#4939,.F.);
#4937=EDGE_CURVE('',#199,#195,#4940,.T.);
#4938=EDGE_CURVE('',#195,#203,#4941,.T.);
#4939=LINE('',#202,#4942);
#4940=LINE('',#198,#4943);
#4941=LINE('',#194,#4944);
#4942=VECTOR('',#4945,1.0);
#4943=VECTOR('',#4946,1.0);
#4944=VECTOR('',#4947,1.0);
#4945=DIRECTION('',(-0.4713965900872416,0,0.8819213427818385));
#4946=DIRECTION('',(-0.6343946712897379,0,0.7730093149756899));
#4947=DIRECTION('',(0.5555708110819293,0,-0.8314692260533562));
#4948=FACE_SURFACE('',(#4953),#4949,.T.);
#4949=PLANE('',#4950);
#4950=AXIS2_PLACEMENT_3D('',#194,#4951,#4952);
#4951=DIRECTION('',(0,-1,0));
#4952=DIRECTION('',(-0.7730101180749139,0,0.6343936927128199));
#4953=FACE_BOUND('',#4954,.T.);
#4954=EDGE_LOOP('',(#4955,#4956,#4957));
#4955=ORIENTED_EDGE('',*,*,#4958,.T.);
#4956=ORIENTED_EDGE('',*,*,#4959,.T.);
#4957=ORIENTED_EDGE('',*,*,#4960,.T.);
#4958=EDGE_CURVE('',#195,#191,#4961,.F.);
#4959=EDGE_CURVE('',#191,#187,#4962,.T.);
#4960=EDGE_CURVE('',#187,#195,#4963,.T.);
#4961=LINE('',#194,#4964);
#4962=LINE('',#190,#4965);
#4963=LINE('',#186,#4966);
#4964=VECTOR('',#4967,1.0);
#4965=VECTOR('',#4968,1.0);
#4966=VECTOR('',#4969,1.0);
#4967=DIRECTION('',(-0.7730101180749139,0,0.6343936927128199));
#4968=DIRECTION('',(-0.8819208960016248,0,0.47139742595361206));
#4969=DIRECTION('',(0.8314692504297169,0,-0.5555707746001806));
#4970=FACE_SURFACE('',(#4975),#4971,.T.);
#4971=PLANE('',#4972);
#4972=AXIS2_PLACEMENT_3D('',#186,#4973,#4974);
#4973=DIRECTION('',(0,-1,0));
#4974=DIRECTION('',(-0.9807853272807893,0,0.19509008634657707));
#4975=FACE_BOUND('',#4976,.T.);
#4976=EDGE_LOOP('',(#4977,#4978,#4979));
#4977=ORIENTED_EDGE('',*,*,#4980,.T.);
#4978=ORIENTED_EDGE('',*,*,#4981,.T.);
#4979=ORIENTED_EDGE('',*,*,#4982,.T.);
#4980=EDGE_CURVE('',#187,#181,#4983,.F.);
#4981=EDGE_CURVE('',#181,#299,#4984,.T.);
#4982=EDGE_CURVE('',#299,#187,#4985,.T.);
#4983=LINE('',#186,#4986);
#4984=LINE('',#180,#4987);
#4985=LINE('',#298,#4988);
#4986=VECTOR('',#4989,1.0);
#4987=VECTOR('',#4990,1.0);
#4988=VECTOR('',#4991,1.0);
#4989=DIRECTION('',(-0.9807853272807893,0,0.19509008634657707));
#4990=DIRECTION('',(-0.9807853272807893,0,-0.19509008634657707));
#4991=DIRECTION('',(1,0,0));
#4992=FACE_SURFACE('',(#4997),#4993,.T.);
#4993=PLANE('',#4994);
#4994=AXIS2_PLACEMENT_3D('',#298,#4995,#4996);
#4995=DIRECTION('',(0,-1,0));
#4996=DIRECTION('',(-0.8314692504297169,0,-0.5555707746001806));
#4997=FACE_BOUND('',#4998,.T.);
#4998=EDGE_LOOP('',(#4999,#5000,#5001));
#4999=ORIENTED_EDGE('',*,*,#5002,.T.);
#5000=ORIENTED_EDGE('',*,*,#5003,.T.);
#5001=ORIENTED_EDGE('',*,*,#5004,.T.);
#5002=EDGE_CURVE('',#299,#291,#5005,.F.);
#5003=EDGE_CURVE('',#291,#283,#5006,.T.);
#5004=EDGE_CURVE('',#283,#299,#5007,.T.);
#5005=LINE('',#298,#5008);
#5006=LINE('',#290,#5009);
#5007=LINE('',#282,#5010);
#5008=VECTOR('',#5011,1.0);
#5009=VECTOR('',#5012,1.0);
#5010=VECTOR('',#5013,1.0);
#5011=DIRECTION('',(-0.8314692504297169,0,-0.5555707746001806));
#5012=DIRECTION('',(-0.5555708110819293,0,-0.8314692260533562));
#5013=DIRECTION('',(0.7071068980024005,0,0.7071066643706753));
#5014=FACE_SURFACE('',(#5019),#5015,.T.);
#5015=PLANE('',#5016);
#5016=AXIS2_PLACEMENT_3D('',#282,#5017,#5018);
#5017=DIRECTION('',(0,-1,-0));
#5018=DIRECTION('',(-0.19509023409329576,0,-0.9807852978921651));
#5019=FACE_BOUND('',#5020,.T.);
#5020=EDGE_LOOP('',(#5021,#5022,#5023));
#5021=ORIENTED_EDGE('',*,*,#5024,.T.);
#5022=ORIENTED_EDGE('',*,*,#5025,.T.);
#5023=ORIENTED_EDGE('',*,*,#5026,.T.);
#5024=EDGE_CURVE('',#283,#275,#5027,.F.);
#5025=EDGE_CURVE('',#275,#267,#5028,.T.);
#5026=EDGE_CURVE('',#267,#283,#5029,.T.);
#5027=LINE('',#282,#5030);
#5028=LINE('',#274,#5031);
#5029=LINE('',#266,#5032);
#5030=VECTOR('',#5033,1.0);
#5031=VECTOR('',#5034,1.0);
#5032=VECTOR('',#5035,1.0);
#5033=DIRECTION('',(-0.19509023409329576,0,-0.9807852978921651));
#5034=DIRECTION('',(0.19509023409329576,0,-0.9807852978921651));
#5035=DIRECTION('',(0,0,1));
#5036=FACE_SURFACE('',(#5041),#5037,.T.);
#5037=PLANE('',#5038);
#5038=AXIS2_PLACEMENT_3D('',#266,#5039,#5040);
#5039=DIRECTION('',(0,-1,0));
#5040=DIRECTION('',(0.5555708110819293,0,-0.8314692260533562));
#5041=FACE_BOUND('',#5042,.T.);
#5042=EDGE_LOOP('',(#5043,#5044,#5045));
#5043=ORIENTED_EDGE('',*,*,#5046,.T.);
#5044=ORIENTED_EDGE('',*,*,#5047,.T.);
#5045=ORIENTED_EDGE('',*,*,#5048,.T.);
#5046=EDGE_CURVE('',#267,#259,#5049,.F.);
#5047=EDGE_CURVE('',#259,#251,#5050,.T.);
#5048=EDGE_CURVE('',#251,#267,#5051,.T.);
#5049=LINE('',#266,#5052);
#5050=LINE('',#258,#5053);
#5051=LINE('',#250,#5054);
#5052=VECTOR('',#5055,1.0);
#5053=VECTOR('',#5056,1.0);
#5054=VECTOR('',#5057,1.0);
#5055=DIRECTION('',(0.5555708110819293,0,-0.8314692260533562));
#5056=DIRECTION('',(0.8314692504297169,0,-0.5555707746001806));
#5057=DIRECTION('',(-0.7071068980024005,0,0.7071066643706753));
#5058=FACE_SURFACE('',(#5063),#5059,.T.);
#5059=PLANE('',#5060);
#5060=AXIS2_PLACEMENT_3D('',#250,#5061,#5062);
#5061=DIRECTION('',(0,-1,0));
#5062=DIRECTION('',(0.9807853272807893,0,-0.19509008634657707));
#5063=FACE_BOUND('',#5064,.T.);
#5064=EDGE_LOOP('',(#5065,#5066,#5067));
#5065=ORIENTED_EDGE('',*,*,#5068,.T.);
#5066=ORIENTED_EDGE('',*,*,#5069,.T.);
#5067=ORIENTED_EDGE('',*,*,#5070,.T.);
#5068=EDGE_CURVE('',#251,#243,#5071,.F.);
#5069=EDGE_CURVE('',#243,#235,#5072,.T.);
#5070=EDGE_CURVE('',#235,#251,#5073,.T.);
#5071=LINE('',#250,#5074);
#5072=LINE('',#242,#5075);
#5073=LINE('',#234,#5076);
#5074=VECTOR('',#5077,1.0);
#5075=VECTOR('',#5078,1.0);
#5076=VECTOR('',#5079,1.0);
#5077=DIRECTION('',(0.9807853272807893,0,-0.19509008634657707));
#5078=DIRECTION('',(0.9807853272807893,0,0.19509008634657707));
#5079=DIRECTION('',(-1,0,0));
#5080=FACE_SURFACE('',(#5085),#5081,.T.);
#5081=PLANE('',#5082);
#5082=AXIS2_PLACEMENT_3D('',#234,#5083,#5084);
#5083=DIRECTION('',(0,-1,0));
#5084=DIRECTION('',(0.8314692504297169,0,0.5555707746001806));
#5085=FACE_BOUND('',#5086,.T.);
#5086=EDGE_LOOP('',(#5087,#5088,#5089));
#5087=ORIENTED_EDGE('',*,*,#5090,.T.);
#5088=ORIENTED_EDGE('',*,*,#5091,.T.);
#5089=ORIENTED_EDGE('',*,*,#5092,.T.);
#5090=EDGE_CURVE('',#235,#227,#5093,.F.);
#5091=EDGE_CURVE('',#227,#219,#5094,.T.);
#5092=EDGE_CURVE('',#219,#235,#5095,.T.);
#5093=LINE('',#234,#5096);
#5094=LINE('',#226,#5097);
#5095=LINE('',#218,#5098);
#5096=VECTOR('',#5099,1.0);
#5097=VECTOR('',#5100,1.0);
#5098=VECTOR('',#5101,1.0);
#5099=DIRECTION('',(0.8314692504297169,0,0.5555707746001806));
#5100=DIRECTION('',(0.5555708110819293,0,0.8314692260533562));
#5101=DIRECTION('',(-0.7071068980024005,0,-0.7071066643706753));
#5102=FACE_SURFACE('',(#5107),#5103,.T.);
#5103=PLANE('',#5104);
#5104=AXIS2_PLACEMENT_3D('',#218,#5105,#5106);
#5105=DIRECTION('',(0,-1,0));
#5106=DIRECTION('',(0.19509023409329576,0,0.9807852978921651));
#5107=FACE_BOUND('',#5108,.T.);
#5108=EDGE_LOOP('',(#5109,#5110,#5111));
#5109=ORIENTED_EDGE('',*,*,#5112,.T.);
#5110=ORIENTED_EDGE('',*,*,#5113,.T.);
#5111=ORIENTED_EDGE('',*,*,#5114,.T.);
#5112=EDGE_CURVE('',#219,#211,#5115,.F.);
#5113=EDGE_CURVE('',#211,#203,#5116,.T.);
#5114=EDGE_CURVE('',#203,#219,#5117,.T.);
#5115=LINE('',#218,#5118);
#5116=LINE('',#210,#5119);
#5117=LINE('',#202,#5120);
#5118=VECTOR('',#5121,1.0);
#5119=VECTOR('',#5122,1.0);
#5120=VECTOR('',#5123,1.0);
#5121=DIRECTION('',(0.19509023409329576,0,0.9807852978921651));
#5122=DIRECTION('',(-0.19509023409329576,0,0.9807852978921651));
#5123=DIRECTION('',(0,0,-1));
#5124=FACE_SURFACE('',(#5129),#5125,.T.);
#5125=PLANE('',#5126);
#5126=AXIS2_PLACEMENT_3D('',#202,#5127,#5128);
#5127=DIRECTION('',(0,-1,0));
#5128=DIRECTION('',(-0.5555708110819293,0,0.8314692260533562));
#5129=FACE_BOUND('',#5130,.T.);
#5130=EDGE_LOOP('',(#5131,#5132,#5133));
#5131=ORIENTED_EDGE('',*,*,#5134,.T.);
#5132=ORIENTED_EDGE('',*,*,#5135,.T.);
#5133=ORIENTED_EDGE('',*,*,#5136,.T.);
#5134=EDGE_CURVE('',#203,#195,#5137,.F.);
#5135=EDGE_CURVE('',#195,#187,#5138,.T.);
#5136=EDGE_CURVE('',#187,#203,#5139,.T.);
#5137=LINE('',#202,#5140);
#5138=LINE('',#194,#5141);
#5139=LINE('',#186,#5142);
#5140=VECTOR('',#5143,1.0);
#5141=VECTOR('',#5144,1.0);
#5142=VECTOR('',#5145,1.0);
#5143=DIRECTION('',(-0.5555708110819293,0,0.8314692260533562));
#5144=DIRECTION('',(-0.8314692504297169,0,0.5555707746001806));
#5145=DIRECTION('',(0.7071068980024005,0,-0.7071066643706753));
#5146=FACE_SURFACE('',(#5151),#5147,.T.);
#5147=PLANE('',#5148);
#5148=AXIS2_PLACEMENT_3D('',#186,#5149,#5150);
#5149=DIRECTION('',(-0,-1,0));
#5150=DIRECTION('',(-1,0,0));
#5151=FACE_BOUND('',#5152,.T.);
#5152=EDGE_LOOP('',(#5153,#5154,#5155));
#5153=ORIENTED_EDGE('',*,*,#5156,.T.);
#5154=ORIENTED_EDGE('',*,*,#5157,.T.);
#5155=ORIENTED_EDGE('',*,*,#5158,.T.);
#5156=EDGE_CURVE('',#187,#299,#5159,.F.);
#5157=EDGE_CURVE('',#299,#283,#5160,.T.);
#5158=EDGE_CURVE('',#283,#187,#5161,.T.);
#5159=LINE('',#186,#5162);
#5160=LINE('',#298,#5163);
#5161=LINE('',#282,#5164);
#5162=VECTOR('',#5165,1.0);
#5163=VECTOR('',#5166,1.0);
#5164=VECTOR('',#5167,1.0);
#5165=DIRECTION('',(-1,0,0));
#5166=DIRECTION('',(-0.7071068980024005,0,-0.7071066643706753));
#5167=DIRECTION('',(0.923879589696725,0,0.38268329430719983));
#5168=FACE_SURFACE('',(#5173),#5169,.T.);
#5169=PLANE('',#5170);
#5170=AXIS2_PLACEMENT_3D('',#282,#5171,#5172);
#5171=DIRECTION('',(0,-1,0));
#5172=DIRECTION('',(0,0,-1));
#5173=FACE_BOUND('',#5174,.T.);
#5174=EDGE_LOOP('',(#5175,#5176,#5177));
#5175=ORIENTED_EDGE('',*,*,#5178,.T.);
#5176=ORIENTED_EDGE('',*,*,#5179,.T.);
#5177=ORIENTED_EDGE('',*,*,#5180,.T.);
#5178=EDGE_CURVE('',#283,#267,#5181,.F.);
#5179=EDGE_CURVE('',#267,#251,#5182,.T.);
#5180=EDGE_CURVE('',#251,#283,#5183,.T.);
#5181=LINE('',#282,#5184);
#5182=LINE('',#266,#5185);
#5183=LINE('',#250,#5186);
#5184=VECTOR('',#5187,1.0);
#5185=VECTOR('',#5188,1.0);
#5186=VECTOR('',#5189,1.0);
#5187=DIRECTION('',(0,0,-1));
#5188=DIRECTION('',(0.7071068980024005,0,-0.7071066643706753));
#5189=DIRECTION('',(-0.3826832979228714,0,0.9238795881990656));
#5190=FACE_SURFACE('',(#5195),#5191,.T.);
#5191=PLANE('',#5192);
#5192=AXIS2_PLACEMENT_3D('',#250,#5193,#5194);
#5193=DIRECTION('',(0,-1,0));
#5194=DIRECTION('',(1,0,0));
#5195=FACE_BOUND('',#5196,.T.);
#5196=EDGE_LOOP('',(#5197,#5198,#5199));
#5197=ORIENTED_EDGE('',*,*,#5200,.T.);
#5198=ORIENTED_EDGE('',*,*,#5201,.T.);
#5199=ORIENTED_EDGE('',*,*,#5202,.T.);
#5200=EDGE_CURVE('',#251,#235,#5203,.F.);
#5201=EDGE_CURVE('',#235,#219,#5204,.T.);
#5202=EDGE_CURVE('',#219,#251,#5205,.T.);
#5203=LINE('',#250,#5206);
#5204=LINE('',#234,#5207);
#5205=LINE('',#218,#5208);
#5206=VECTOR('',#5209,1.0);
#5207=VECTOR('',#5210,1.0);
#5208=VECTOR('',#5211,1.0);
#5209=DIRECTION('',(1,0,0));
#5210=DIRECTION('',(0.7071068980024005,0,0.7071066643706753));
#5211=DIRECTION('',(-0.923879589696725,0,-0.38268329430719983));
#5212=FACE_SURFACE('',(#5217),#5213,.T.);
#5213=PLANE('',#5214);
#5214=AXIS2_PLACEMENT_3D('',#218,#5215,#5216);
#5215=DIRECTION('',(0,-1,0));
#5216=DIRECTION('',(0,0,1));
#5217=FACE_BOUND('',#5218,.T.);
#5218=EDGE_LOOP('',(#5219,#5220,#5221));
#5219=ORIENTED_EDGE('',*,*,#5222,.T.);
#5220=ORIENTED_EDGE('',*,*,#5223,.T.);
#5221=ORIENTED_EDGE('',*,*,#5224,.T.);
#5222=EDGE_CURVE('',#219,#203,#5225,.F.);
#5223=EDGE_CURVE('',#203,#187,#5226,.T.);
#5224=EDGE_CURVE('',#187,#219,#5227,.T.);
#5225=LINE('',#218,#5228);
#5226=LINE('',#202,#5229);
#5227=LINE('',#186,#5230);
#5228=VECTOR('',#5231,1.0);
#5229=VECTOR('',#5232,1.0);
#5230=VECTOR('',#5233,1.0);
#5231=DIRECTION('',(0,0,1));
#5232=DIRECTION('',(-0.7071068980024005,0,0.7071066643706753));
#5233=DIRECTION('',(0.3826832979228714,0,-0.9238795881990656));
#5234=FACE_SURFACE('',(#5239),#5235,.T.);
#5235=PLANE('',#5236);
#5236=AXIS2_PLACEMENT_3D('',#186,#5237,#5238);
#5237=DIRECTION('',(0,-1,0));
#5238=DIRECTION('',(-0.923879589696725,0,-0.38268329430719983));
#5239=FACE_BOUND('',#5240,.T.);
#5240=EDGE_LOOP('',(#5241,#5242,#5243));
#5241=ORIENTED_EDGE('',*,*,#5244,.T.);
#5242=ORIENTED_EDGE('',*,*,#5245,.T.);
#5243=ORIENTED_EDGE('',*,*,#5246,.T.);
#5244=EDGE_CURVE('',#187,#283,#5247,.F.);
#5245=EDGE_CURVE('',#283,#251,#5248,.T.);
#5246=EDGE_CURVE('',#251,#187,#5249,.T.);
#5247=LINE('',#186,#5250);
#5248=LINE('',#282,#5251);
#5249=LINE('',#250,#5252);
#5250=VECTOR('',#5253,1.0);
#5251=VECTOR('',#5254,1.0);
#5252=VECTOR('',#5255,1.0);
#5253=DIRECTION('',(-0.923879589696725,0,-0.38268329430719983));
#5254=DIRECTION('',(0.3826832979228714,0,-0.9238795881990656));
#5255=DIRECTION('',(0.3826834203523626,0,0.923879537487121));
#5256=FACE_SURFACE('',(#5261),#5257,.T.);
#5257=PLANE('',#5258);
#5258=AXIS2_PLACEMENT_3D('',#250,#5259,#5260);
#5259=DIRECTION('',(0,-1,0));
#5260=DIRECTION('',(0.923879589696725,0,0.38268329430719983));
#5261=FACE_BOUND('',#5262,.T.);
#5262=EDGE_LOOP('',(#5263,#5264,#5265));
#5263=ORIENTED_EDGE('',*,*,#5266,.T.);
#5264=ORIENTED_EDGE('',*,*,#5267,.T.);
#5265=ORIENTED_EDGE('',*,*,#5268,.T.);
#5266=EDGE_CURVE('',#251,#219,#5269,.F.);
#5267=EDGE_CURVE('',#219,#187,#5270,.T.);
#5268=EDGE_CURVE('',#187,#251,#5271,.T.);
#5269=LINE('',#250,#5272);
#5270=LINE('',#218,#5273);
#5271=LINE('',#186,#5274);
#5272=VECTOR('',#5275,1.0);
#5273=VECTOR('',#5276,1.0);
#5274=VECTOR('',#5277,1.0);
#5275=DIRECTION('',(0.923879589696725,0,0.38268329430719983));
#5276=DIRECTION('',(-0.3826832979228714,0,0.9238795881990656));
#5277=DIRECTION('',(-0.3826834203523626,0,-0.923879537487121));
#5278=FACE_SURFACE('',(#5283),#5279,.T.);
#5279=PLANE('',#5280);
#5280=AXIS2_PLACEMENT_3D('',#300,#5281,#5282);
#5281=DIRECTION('',(-0.29028463952039396,0,0.9569403471787126));
#5282=DIRECTION('',(0,-1,0));
#5283=FACE_BOUND('',#5284,.T.);
#5284=EDGE_LOOP('',(#5285,#5286,#5287));
#5285=ORIENTED_EDGE('',*,*,#5288,.T.);
#5286=ORIENTED_EDGE('',*,*,#5289,.T.);
#5287=ORIENTED_EDGE('',*,*,#5290,.T.);
#5288=EDGE_CURVE('',#301,#299,#5291,.F.);
#5289=EDGE_CURVE('',#299,#303,#5292,.T.);
#5290=EDGE_CURVE('',#303,#301,#5293,.T.);
#5291=LINE('',#300,#5294);
#5292=LINE('',#298,#5295);
#5293=LINE('',#302,#5296);
#5294=VECTOR('',#5297,1.0);
#5295=VECTOR('',#5298,1.0);
#5296=VECTOR('',#5299,1.0);
#5297=DIRECTION('',(0,-1,0));
#5298=DIRECTION('',(0.9569403471787125,0,0.29028463952039396));
#5299=DIRECTION('',(-0.037489823252449955,0.9992322960148983,-0.011372411938325687));
#5300=FACE_SURFACE('',(#5305),#5301,.T.);
#5301=PLANE('',#5302);
#5302=AXIS2_PLACEMENT_3D('',#300,#5303,#5304);
#5303=DIRECTION('',(-0.29028463952039396,0,0.9569403471787126));
#5304=DIRECTION('',(0.037489823252449955,-0.9992322960148983,0.011372411938325687));
#5305=FACE_BOUND('',#5306,.T.);
#5306=EDGE_LOOP('',(#5307,#5308,#5309));
#5307=ORIENTED_EDGE('',*,*,#5310,.T.);
#5308=ORIENTED_EDGE('',*,*,#5311,.T.);
#5309=ORIENTED_EDGE('',*,*,#5312,.T.);
#5310=EDGE_CURVE('',#301,#303,#5313,.F.);
#5311=EDGE_CURVE('',#303,#305,#5314,.T.);
#5312=EDGE_CURVE('',#305,#301,#5315,.T.);
#5313=LINE('',#300,#5316);
#5314=LINE('',#302,#5317);
#5315=LINE('',#304,#5318);
#5316=VECTOR('',#5319,1.0);
#5317=VECTOR('',#5320,1.0);
#5318=VECTOR('',#5321,1.0);
#5319=DIRECTION('',(0.037489823252449955,-0.9992322960148983,0.011372411938325687));
#5320=DIRECTION('',(0,1,0));
#5321=DIRECTION('',(-0.9569403471787125,0,-0.29028463952039396));
#5322=FACE_SURFACE('',(#5327),#5323,.T.);
#5323=PLANE('',#5324);
#5324=AXIS2_PLACEMENT_3D('',#304,#5325,#5326);
#5325=DIRECTION('',(-0.0980166874842775,0,0.9951847712734603));
#5326=DIRECTION('',(0,-1,0));
#5327=FACE_BOUND('',#5328,.T.);
#5328=EDGE_LOOP('',(#5329,#5330,#5331));
#5329=ORIENTED_EDGE('',*,*,#5332,.T.);
#5330=ORIENTED_EDGE('',*,*,#5333,.T.);
#5331=ORIENTED_EDGE('',*,*,#5334,.T.);
#5332=EDGE_CURVE('',#305,#303,#5335,.F.);
#5333=EDGE_CURVE('',#303,#181,#5336,.T.);
#5334=EDGE_CURVE('',#181,#305,#5337,.T.);
#5335=LINE('',#304,#5338);
#5336=LINE('',#302,#5339);
#5337=LINE('',#180,#5340);
#5338=VECTOR('',#5341,1.0);
#5339=VECTOR('',#5342,1.0);
#5340=VECTOR('',#5343,1.0);
#5341=DIRECTION('',(0,-1,0));
#5342=DIRECTION('',(0.9951847712734603,0,0.0980166874842775));
#5343=DIRECTION('',(-0.03898811042197234,0.9992322962312645,-0.003839975796597961));
#5344=FACE_SURFACE('',(#5349),#5345,.T.);
#5345=PLANE('',#5346);
#5346=AXIS2_PLACEMENT_3D('',#304,#5347,#5348);
#5347=DIRECTION('',(-0.0980166874842775,0,0.9951847712734603));
#5348=DIRECTION('',(0.03898811042197234,-0.9992322962312645,0.003839975796597961));
#5349=FACE_BOUND('',#5350,.T.);
#5350=EDGE_LOOP('',(#5351,#5352,#5353));
#5351=ORIENTED_EDGE('',*,*,#5354,.T.);
#5352=ORIENTED_EDGE('',*,*,#5355,.T.);
#5353=ORIENTED_EDGE('',*,*,#5356,.T.);
#5354=EDGE_CURVE('',#305,#181,#5357,.F.);
#5355=EDGE_CURVE('',#181,#179,#5358,.T.);
#5356=EDGE_CURVE('',#179,#305,#5359,.T.);
#5357=LINE('',#304,#5360);
#5358=LINE('',#180,#5361);
#5359=LINE('',#178,#5362);
#5360=VECTOR('',#5363,1.0);
#5361=VECTOR('',#5364,1.0);
#5362=VECTOR('',#5365,1.0);
#5363=DIRECTION('',(0.03898811042197234,-0.9992322962312645,0.003839975796597961));
#5364=DIRECTION('',(0,1,0));
#5365=DIRECTION('',(-0.9951847712734603,0,-0.0980166874842775));
#5366=FACE_SURFACE('',(#5371),#5367,.T.);
#5367=PLANE('',#5368);
#5368=AXIS2_PLACEMENT_3D('',#304,#5369,#5370);
#5369=DIRECTION('',(0,1,0));
#5370=DIRECTION('',(0.9951847712734603,0,0.0980166874842775));
#5371=FACE_BOUND('',#5372,.T.);
#5372=EDGE_LOOP('',(#5373,#5374,#5375));
#5373=ORIENTED_EDGE('',*,*,#5376,.T.);
#5374=ORIENTED_EDGE('',*,*,#5377,.T.);
#5375=ORIENTED_EDGE('',*,*,#5378,.T.);
#5376=EDGE_CURVE('',#305,#179,#5379,.F.);
#5377=EDGE_CURVE('',#179,#185,#5380,.T.);
#5378=EDGE_CURVE('',#185,#305,#5381,.T.);
#5379=LINE('',#304,#5382);
#5380=LINE('',#178,#5383);
#5381=LINE('',#184,#5384);
#5382=VECTOR('',#5385,1.0);
#5383=VECTOR('',#5386,1.0);
#5384=VECTOR('',#5387,1.0);
#5385=DIRECTION('',(0.9951847712734603,0,0.0980166874842775));
#5386=DIRECTION('',(0.9951847712734603,0,-0.0980166874842775));
#5387=DIRECTION('',(-1,0,0));
#5388=FACE_SURFACE('',(#5393),#5389,.T.);
#5389=PLANE('',#5390);
#5390=AXIS2_PLACEMENT_3D('',#184,#5391,#5392);
#5391=DIRECTION('',(0,1,0));
#5392=DIRECTION('',(0.9569403471787125,0,-0.29028463952039396));
#5393=FACE_BOUND('',#5394,.T.);
#5394=EDGE_LOOP('',(#5395,#5396,#5397));
#5395=ORIENTED_EDGE('',*,*,#5398,.T.);
#5396=ORIENTED_EDGE('',*,*,#5399,.T.);
#5397=ORIENTED_EDGE('',*,*,#5400,.T.);
#5398=EDGE_CURVE('',#185,#189,#5401,.F.);
#5399=EDGE_CURVE('',#189,#193,#5402,.T.);
#5400=EDGE_CURVE('',#193,#185,#5403,.T.);
#5401=LINE('',#184,#5404);
#5402=LINE('',#188,#5405);
#5403=LINE('',#192,#5406);
#5404=VECTOR('',#5407,1.0);
#5405=VECTOR('',#5408,1.0);
#5406=VECTOR('',#5409,1.0);
#5407=DIRECTION('',(0.9569403471787125,0,-0.29028463952039396));
#5408=DIRECTION('',(0.8819208960016248,0,-0.47139742595361206));
#5409=DIRECTION('',(-0.9238793859346557,0,0.38268378623218874));
#5410=FACE_SURFACE('',(#5415),#5411,.T.);
#5411=PLANE('',#5412);
#5412=AXIS2_PLACEMENT_3D('',#192,#5413,#5414);
#5413=DIRECTION('',(0,1,0));
#5414=DIRECTION('',(0.7730101180749139,0,-0.6343936927128199));
#5415=FACE_BOUND('',#5416,.T.);
#5416=EDGE_LOOP('',(#5417,#5418,#5419));
#5417=ORIENTED_EDGE('',*,*,#5420,.T.);
#5418=ORIENTED_EDGE('',*,*,#5421,.T.);
#5419=ORIENTED_EDGE('',*,*,#5422,.T.);
#5420=EDGE_CURVE('',#193,#197,#5423,.F.);
#5421=EDGE_CURVE('',#197,#201,#5424,.T.);
#5422=EDGE_CURVE('',#201,#193,#5425,.T.);
#5423=LINE('',#192,#5426);
#5424=LINE('',#196,#5427);
#5425=LINE('',#200,#5428);
#5426=VECTOR('',#5429,1.0);
#5427=VECTOR('',#5430,1.0);
#5428=VECTOR('',#5431,1.0);
#5429=DIRECTION('',(0.7730101180749139,0,-0.6343936927128199));
#5430=DIRECTION('',(0.6343946712897379,0,-0.7730093149756899));
#5431=DIRECTION('',(-0.7071073158526321,0,0.7071062465200586));
#5432=FACE_SURFACE('',(#5437),#5433,.T.);
#5433=PLANE('',#5434);
#5434=AXIS2_PLACEMENT_3D('',#200,#5435,#5436);
#5435=DIRECTION('',(0,1,0));
#5436=DIRECTION('',(0.4713965900872416,0,-0.8819213427818385));
#5437=FACE_BOUND('',#5438,.T.);
#5438=EDGE_LOOP('',(#5439,#5440,#5441));
#5439=ORIENTED_EDGE('',*,*,#5442,.T.);
#5440=ORIENTED_EDGE('',*,*,#5443,.T.);
#5441=ORIENTED_EDGE('',*,*,#5444,.T.);
#5442=EDGE_CURVE('',#201,#205,#5445,.F.);
#5443=EDGE_CURVE('',#205,#209,#5446,.T.);
#5444=EDGE_CURVE('',#209,#201,#5447,.T.);
#5445=LINE('',#200,#5448);
#5446=LINE('',#204,#5449);
#5447=LINE('',#208,#5450);
#5448=VECTOR('',#5451,1.0);
#5449=VECTOR('',#5452,1.0);
#5450=VECTOR('',#5453,1.0);
#5451=DIRECTION('',(0.4713965900872416,0,-0.8819213427818385));
#5452=DIRECTION('',(0.29028417498481407,0,-0.956940488093897));
#5453=DIRECTION('',(-0.38268304400076913,0,0.9238796933769599));
#5454=FACE_SURFACE('',(#5459),#5455,.T.);
#5455=PLANE('',#5456);
#5456=AXIS2_PLACEMENT_3D('',#208,#5457,#5458);
#5457=DIRECTION('',(0,1,0));
#5458=DIRECTION('',(0.09801730457575766,0,-0.9951847104953447));
#5459=FACE_BOUND('',#5460,.T.);
#5460=EDGE_LOOP('',(#5461,#5462,#5463));
#5461=ORIENTED_EDGE('',*,*,#5464,.T.);
#5462=ORIENTED_EDGE('',*,*,#5465,.T.);
#5463=ORIENTED_EDGE('',*,*,#5466,.T.);
#5464=EDGE_CURVE('',#209,#213,#5467,.F.);
#5465=EDGE_CURVE('',#213,#217,#5468,.T.);
#5466=EDGE_CURVE('',#217,#209,#5469,.T.);
#5467=LINE('',#208,#5470);
#5468=LINE('',#212,#5471);
#5469=LINE('',#216,#5472);
#5470=VECTOR('',#5473,1.0);
#5471=VECTOR('',#5474,1.0);
#5472=VECTOR('',#5475,1.0);
#5473=DIRECTION('',(0.09801730457575766,0,-0.9951847104953447));
#5474=DIRECTION('',(-0.09801730457575766,0,-0.9951847104953447));
#5475=DIRECTION('',(0,0,1));
#5476=FACE_SURFACE('',(#5481),#5477,.T.);
#5477=PLANE('',#5478);
#5478=AXIS2_PLACEMENT_3D('',#216,#5479,#5480);
#5479=DIRECTION('',(0,1,0));
#5480=DIRECTION('',(-0.29028417498481407,0,-0.956940488093897));
#5481=FACE_BOUND('',#5482,.T.);
#5482=EDGE_LOOP('',(#5483,#5484,#5485));
#5483=ORIENTED_EDGE('',*,*,#5486,.T.);
#5484=ORIENTED_EDGE('',*,*,#5487,.T.);
#5485=ORIENTED_EDGE('',*,*,#5488,.T.);
#5486=EDGE_CURVE('',#217,#221,#5489,.F.);
#5487=EDGE_CURVE('',#221,#225,#5490,.T.);
#5488=EDGE_CURVE('',#225,#217,#5491,.T.);
#5489=LINE('',#216,#5492);
#5490=LINE('',#220,#5493);
#5491=LINE('',#224,#5494);
#5492=VECTOR('',#5495,1.0);
#5493=VECTOR('',#5496,1.0);
#5494=VECTOR('',#5497,1.0);
#5495=DIRECTION('',(-0.29028417498481407,0,-0.956940488093897));
#5496=DIRECTION('',(-0.4713965900872416,0,-0.8819213427818385));
#5497=DIRECTION('',(0.38268304400076913,0,0.9238796933769599));
#5498=FACE_SURFACE('',(#5503),#5499,.T.);
#5499=PLANE('',#5500);
#5500=AXIS2_PLACEMENT_3D('',#224,#5501,#5502);
#5501=DIRECTION('',(0,1,0));
#5502=DIRECTION('',(-0.6343946712897379,0,-0.7730093149756899));
#5503=FACE_BOUND('',#5504,.T.);
#5504=EDGE_LOOP('',(#5505,#5506,#5507));
#5505=ORIENTED_EDGE('',*,*,#5508,.T.);
#5506=ORIENTED_EDGE('',*,*,#5509,.T.);
#5507=ORIENTED_EDGE('',*,*,#5510,.T.);
#5508=EDGE_CURVE('',#225,#229,#5511,.F.);
#5509=EDGE_CURVE('',#229,#233,#5512,.T.);
#5510=EDGE_CURVE('',#233,#225,#5513,.T.);
#5511=LINE('',#224,#5514);
#5512=LINE('',#228,#5515);
#5513=LINE('',#232,#5516);
#5514=VECTOR('',#5517,1.0);
#5515=VECTOR('',#5518,1.0);
#5516=VECTOR('',#5519,1.0);
#5517=DIRECTION('',(-0.6343946712897379,0,-0.7730093149756899));
#5518=DIRECTION('',(-0.7730101180749139,0,-0.6343936927128199));
#5519=DIRECTION('',(0.7071073158526321,0,0.7071062465200586));
#5520=FACE_SURFACE('',(#5525),#5521,.T.);
#5521=PLANE('',#5522);
#5522=AXIS2_PLACEMENT_3D('',#232,#5523,#5524);
#5523=DIRECTION('',(0,1,0));
#5524=DIRECTION('',(-0.8819208960016248,0,-0.47139742595361206));
#5525=FACE_BOUND('',#5526,.T.);
#5526=EDGE_LOOP('',(#5527,#5528,#5529));
#5527=ORIENTED_EDGE('',*,*,#5530,.T.);
#5528=ORIENTED_EDGE('',*,*,#5531,.T.);
#5529=ORIENTED_EDGE('',*,*,#5532,.T.);
#5530=EDGE_CURVE('',#233,#237,#5533,.F.);
#5531=EDGE_CURVE('',#237,#241,#5534,.T.);
#5532=EDGE_CURVE('',#241,#233,#5535,.T.);
#5533=LINE('',#232,#5536);
#5534=LINE('',#236,#5537);
#5535=LINE('',#240,#5538);
#5536=VECTOR('',#5539,1.0);
#5537=VECTOR('',#5540,1.0);
#5538=VECTOR('',#5541,1.0);
#5539=DIRECTION('',(-0.8819208960016248,0,-0.47139742595361206));
#5540=DIRECTION('',(-0.9569403471787125,0,-0.29028463952039396));
#5541=DIRECTION('',(0.9238793859346557,0,0.38268378623218874));
#5542=FACE_SURFACE('',(#5547),#5543,.T.);
#5543=PLANE('',#5544);
#5544=AXIS2_PLACEMENT_3D('',#240,#5545,#5546);
#5545=DIRECTION('',(0,1,0));
#5546=DIRECTION('',(-0.9951847712734603,0,-0.0980166874842775));
#5547=FACE_BOUND('',#5548,.T.);
#5548=EDGE_LOOP('',(#5549,#5550,#5551));
#5549=ORIENTED_EDGE('',*,*,#5552,.T.);
#5550=ORIENTED_EDGE('',*,*,#5553,.T.);
#5551=ORIENTED_EDGE('',*,*,#5554,.T.);
#5552=EDGE_CURVE('',#241,#245,#5555,.F.);
#5553=EDGE_CURVE('',#245,#249,#5556,.T.);
#5554=EDGE_CURVE('',#249,#241,#5557,.T.);
#5555=LINE('',#240,#5558);
#5556=LINE('',#244,#5559);
#5557=LINE('',#248,#5560);
#5558=VECTOR('',#5561,1.0);
#5559=VECTOR('',#5562,1.0);
#5560=VECTOR('',#5563,1.0);
#5561=DIRECTION('',(-0.9951847712734603,0,-0.0980166874842775));
#5562=DIRECTION('',(-0.9951847712734603,0,0.0980166874842775));
#5563=DIRECTION('',(1,0,0));
#5564=FACE_SURFACE('',(#5569),#5565,.T.);
#5565=PLANE('',#5566);
#5566=AXIS2_PLACEMENT_3D('',#248,#5567,#5568);
#5567=DIRECTION('',(0,1,0));
#5568=DIRECTION('',(-0.9569403471787125,0,0.29028463952039396));
#5569=FACE_BOUND('',#5570,.T.);
#5570=EDGE_LOOP('',(#5571,#5572,#5573));
#5571=ORIENTED_EDGE('',*,*,#5574,.T.);
#5572=ORIENTED_EDGE('',*,*,#5575,.T.);
#5573=ORIENTED_EDGE('',*,*,#5576,.T.);
#5574=EDGE_CURVE('',#249,#253,#5577,.F.);
#5575=EDGE_CURVE('',#253,#257,#5578,.T.);
#5576=EDGE_CURVE('',#257,#249,#5579,.T.);
#5577=LINE('',#248,#5580);
#5578=LINE('',#252,#5581);
#5579=LINE('',#256,#5582);
#5580=VECTOR('',#5583,1.0);
#5581=VECTOR('',#5584,1.0);
#5582=VECTOR('',#5585,1.0);
#5583=DIRECTION('',(-0.9569403471787125,0,0.29028463952039396));
#5584=DIRECTION('',(-0.8819208960016248,0,0.47139742595361206));
#5585=DIRECTION('',(0.9238793859346557,0,-0.38268378623218874));
#5586=FACE_SURFACE('',(#5591),#5587,.T.);
#5587=PLANE('',#5588);
#5588=AXIS2_PLACEMENT_3D('',#256,#5589,#5590);
#5589=DIRECTION('',(0,1,0));
#5590=DIRECTION('',(-0.7730101180749139,0,0.6343936927128199));
#5591=FACE_BOUND('',#5592,.T.);
#5592=EDGE_LOOP('',(#5593,#5594,#5595));
#5593=ORIENTED_EDGE('',*,*,#5596,.T.);
#5594=ORIENTED_EDGE('',*,*,#5597,.T.);
#5595=ORIENTED_EDGE('',*,*,#5598,.T.);
#5596=EDGE_CURVE('',#257,#261,#5599,.F.);
#5597=EDGE_CURVE('',#261,#265,#5600,.T.);
#5598=EDGE_CURVE('',#265,#257,#5601,.T.);
#5599=LINE('',#256,#5602);
#5600=LINE('',#260,#5603);
#5601=LINE('',#264,#5604);
#5602=VECTOR('',#5605,1.0);
#5603=VECTOR('',#5606,1.0);
#5604=VECTOR('',#5607,1.0);
#5605=DIRECTION('',(-0.7730101180749139,0,0.6343936927128199));
#5606=DIRECTION('',(-0.6343946712897379,0,0.7730093149756899));
#5607=DIRECTION('',(0.7071073158526321,0,-0.7071062465200586));
#5608=FACE_SURFACE('',(#5613),#5609,.T.);
#5609=PLANE('',#5610);
#5610=AXIS2_PLACEMENT_3D('',#264,#5611,#5612);
#5611=DIRECTION('',(0,1,0));
#5612=DIRECTION('',(-0.4713965900872416,0,0.8819213427818385));
#5613=FACE_BOUND('',#5614,.T.);
#5614=EDGE_LOOP('',(#5615,#5616,#5617));
#5615=ORIENTED_EDGE('',*,*,#5618,.T.);
#5616=ORIENTED_EDGE('',*,*,#5619,.T.);
#5617=ORIENTED_EDGE('',*,*,#5620,.T.);
#5618=EDGE_CURVE('',#265,#269,#5621,.F.);
#5619=EDGE_CURVE('',#269,#273,#5622,.T.);
#5620=EDGE_CURVE('',#273,#265,#5623,.T.);
#5621=LINE('',#264,#5624);
#5622=LINE('',#268,#5625);
#5623=LINE('',#272,#5626);
#5624=VECTOR('',#5627,1.0);
#5625=VECTOR('',#5628,1.0);
#5626=VECTOR('',#5629,1.0);
#5627=DIRECTION('',(-0.4713965900872416,0,0.8819213427818385));
#5628=DIRECTION('',(-0.29028417498481407,0,0.956940488093897));
#5629=DIRECTION('',(0.38268304400076913,0,-0.9238796933769599));
#5630=FACE_SURFACE('',(#5635),#5631,.T.);
#5631=PLANE('',#5632);
#5632=AXIS2_PLACEMENT_3D('',#272,#5633,#5634);
#5633=DIRECTION('',(0,1,-0));
#5634=DIRECTION('',(-0.09801730457575766,0,0.9951847104953447));
#5635=FACE_BOUND('',#5636,.T.);
#5636=EDGE_LOOP('',(#5637,#5638,#5639));
#5637=ORIENTED_EDGE('',*,*,#5640,.T.);
#5638=ORIENTED_EDGE('',*,*,#5641,.T.);
#5639=ORIENTED_EDGE('',*,*,#5642,.T.);
#5640=EDGE_CURVE('',#273,#277,#5643,.F.);
#5641=EDGE_CURVE('',#277,#281,#5644,.T.);
#5642=EDGE_CURVE('',#281,#273,#5645,.T.);
#5643=LINE('',#272,#5646);
#5644=LINE('',#276,#5647);
#5645=LINE('',#280,#5648);
#5646=VECTOR('',#5649,1.0);
#5647=VECTOR('',#5650,1.0);
#5648=VECTOR('',#5651,1.0);
#5649=DIRECTION('',(-0.09801730457575766,0,0.9951847104953447));
#5650=DIRECTION('',(0.09801730457575766,0,0.9951847104953447));
#5651=DIRECTION('',(0,0,-1));
#5652=FACE_SURFACE('',(#5657),#5653,.T.);
#5653=PLANE('',#5654);
#5654=AXIS2_PLACEMENT_3D('',#280,#5655,#5656);
#5655=DIRECTION('',(0,1,0));
#5656=DIRECTION('',(0.29028417498481407,0,0.956940488093897));
#5657=FACE_BOUND('',#5658,.T.);
#5658=EDGE_LOOP('',(#5659,#5660,#5661));
#5659=ORIENTED_EDGE('',*,*,#5662,.T.);
#5660=ORIENTED_EDGE('',*,*,#5663,.T.);
#5661=ORIENTED_EDGE('',*,*,#5664,.T.);
#5662=EDGE_CURVE('',#281,#285,#5665,.F.);
#5663=EDGE_CURVE('',#285,#289,#5666,.T.);
#5664=EDGE_CURVE('',#289,#281,#5667,.T.);
#5665=LINE('',#280,#5668);
#5666=LINE('',#284,#5669);
#5667=LINE('',#288,#5670);
#5668=VECTOR('',#5671,1.0);
#5669=VECTOR('',#5672,1.0);
#5670=VECTOR('',#5673,1.0);
#5671=DIRECTION('',(0.29028417498481407,0,0.956940488093897));
#5672=DIRECTION('',(0.4713965900872416,0,0.8819213427818385));
#5673=DIRECTION('',(-0.38268304400076913,0,-0.9238796933769599));
#5674=FACE_SURFACE('',(#5679),#5675,.T.);
#5675=PLANE('',#5676);
#5676=AXIS2_PLACEMENT_3D('',#288,#5677,#5678);
#5677=DIRECTION('',(0,1,0));
#5678=DIRECTION('',(0.6343946712897379,0,0.7730093149756899));
#5679=FACE_BOUND('',#5680,.T.);
#5680=EDGE_LOOP('',(#5681,#5682,#5683));
#5681=ORIENTED_EDGE('',*,*,#5684,.T.);
#5682=ORIENTED_EDGE('',*,*,#5685,.T.);
#5683=ORIENTED_EDGE('',*,*,#5686,.T.);
#5684=EDGE_CURVE('',#289,#293,#5687,.F.);
#5685=EDGE_CURVE('',#293,#297,#5688,.T.);
#5686=EDGE_CURVE('',#297,#289,#5689,.T.);
#5687=LINE('',#288,#5690);
#5688=LINE('',#292,#5691);
#5689=LINE('',#296,#5692);
#5690=VECTOR('',#5693,1.0);
#5691=VECTOR('',#5694,1.0);
#5692=VECTOR('',#5695,1.0);
#5693=DIRECTION('',(0.6343946712897379,0,0.7730093149756899));
#5694=DIRECTION('',(0.7730101180749139,0,0.6343936927128199));
#5695=DIRECTION('',(-0.7071073158526321,0,-0.7071062465200586));
#5696=FACE_SURFACE('',(#5701),#5697,.T.);
#5697=PLANE('',#5698);
#5698=AXIS2_PLACEMENT_3D('',#296,#5699,#5700);
#5699=DIRECTION('',(0,1,0));
#5700=DIRECTION('',(0.8819208960016248,0,0.47139742595361206));
#5701=FACE_BOUND('',#5702,.T.);
#5702=EDGE_LOOP('',(#5703,#5704,#5705));
#5703=ORIENTED_EDGE('',*,*,#5706,.T.);
#5704=ORIENTED_EDGE('',*,*,#5707,.T.);
#5705=ORIENTED_EDGE('',*,*,#5708,.T.);
#5706=EDGE_CURVE('',#297,#301,#5709,.F.);
#5707=EDGE_CURVE('',#301,#305,#5710,.T.);
#5708=EDGE_CURVE('',#305,#297,#5711,.T.);
#5709=LINE('',#296,#5712);
#5710=LINE('',#300,#5713);
#5711=LINE('',#304,#5714);
#5712=VECTOR('',#5715,1.0);
#5713=VECTOR('',#5716,1.0);
#5714=VECTOR('',#5717,1.0);
#5715=DIRECTION('',(0.8819208960016248,0,0.47139742595361206));
#5716=DIRECTION('',(0.9569403471787125,0,0.29028463952039396));
#5717=DIRECTION('',(-0.9238793859346557,0,-0.38268378623218874));
#5718=FACE_SURFACE('',(#5723),#5719,.T.);
#5719=PLANE('',#5720);
#5720=AXIS2_PLACEMENT_3D('',#304,#5721,#5722);
#5721=DIRECTION('',(-0,1,0));
#5722=DIRECTION('',(1,0,0));
#5723=FACE_BOUND('',#5724,.T.);
#5724=EDGE_LOOP('',(#5725,#5726,#5727));
#5725=ORIENTED_EDGE('',*,*,#5728,.T.);
#5726=ORIENTED_EDGE('',*,*,#5729,.T.);
#5727=ORIENTED_EDGE('',*,*,#5730,.T.);
#5728=EDGE_CURVE('',#305,#185,#5731,.F.);
#5729=EDGE_CURVE('',#185,#193,#5732,.T.);
#5730=EDGE_CURVE('',#193,#305,#5733,.T.);
#5731=LINE('',#304,#5734);
#5732=LINE('',#184,#5735);
#5733=LINE('',#192,#5736);
#5734=VECTOR('',#5737,1.0);
#5735=VECTOR('',#5738,1.0);
#5736=VECTOR('',#5739,1.0);
#5737=DIRECTION('',(1,0,0));
#5738=DIRECTION('',(0.9238793859346557,0,-0.38268378623218874));
#5739=DIRECTION('',(-0.9807852395853753,0,0.19509052722123088));
#5740=FACE_SURFACE('',(#5745),#5741,.T.);
#5741=PLANE('',#5742);
#5742=AXIS2_PLACEMENT_3D('',#192,#5743,#5744);
#5743=DIRECTION('',(0,1,0));
#5744=DIRECTION('',(0.7071073158526321,0,-0.7071062465200586));
#5745=FACE_BOUND('',#5746,.T.);
#5746=EDGE_LOOP('',(#5747,#5748,#5749));
#5747=ORIENTED_EDGE('',*,*,#5750,.T.);
#5748=ORIENTED_EDGE('',*,*,#5751,.T.);
#5749=ORIENTED_EDGE('',*,*,#5752,.T.);
#5750=EDGE_CURVE('',#193,#201,#5753,.F.);
#5751=EDGE_CURVE('',#201,#209,#5754,.T.);
#5752=EDGE_CURVE('',#209,#193,#5755,.T.);
#5753=LINE('',#192,#5756);
#5754=LINE('',#200,#5757);
#5755=LINE('',#208,#5758);
#5756=VECTOR('',#5759,1.0);
#5757=VECTOR('',#5760,1.0);
#5758=VECTOR('',#5761,1.0);
#5759=DIRECTION('',(0.7071073158526321,0,-0.7071062465200586));
#5760=DIRECTION('',(0.38268304400076913,0,-0.9238796933769599));
#5761=DIRECTION('',(-0.5555702247029117,0,0.8314696178595801));
#5762=FACE_SURFACE('',(#5767),#5763,.T.);
#5763=PLANE('',#5764);
#5764=AXIS2_PLACEMENT_3D('',#208,#5765,#5766);
#5765=DIRECTION('',(0,1,0));
#5766=DIRECTION('',(0,0,-1));
#5767=FACE_BOUND('',#5768,.T.);
#5768=EDGE_LOOP('',(#5769,#5770,#5771));
#5769=ORIENTED_EDGE('',*,*,#5772,.T.);
#5770=ORIENTED_EDGE('',*,*,#5773,.T.);
#5771=ORIENTED_EDGE('',*,*,#5774,.T.);
#5772=EDGE_CURVE('',#209,#217,#5775,.F.);
#5773=EDGE_CURVE('',#217,#225,#5776,.T.);
#5774=EDGE_CURVE('',#225,#209,#5777,.T.);
#5775=LINE('',#208,#5778);
#5776=LINE('',#216,#5779);
#5777=LINE('',#224,#5780);
#5778=VECTOR('',#5781,1.0);
#5779=VECTOR('',#5782,1.0);
#5780=VECTOR('',#5783,1.0);
#5781=DIRECTION('',(0,0,-1));
#5782=DIRECTION('',(-0.38268304400076913,0,-0.9238796933769599));
#5783=DIRECTION('',(0.19509022052531538,0,0.9807853005910029));
#5784=FACE_SURFACE('',(#5789),#5785,.T.);
#5785=PLANE('',#5786);
#5786=AXIS2_PLACEMENT_3D('',#224,#5787,#5788);
#5787=DIRECTION('',(0,1,0));
#5788=DIRECTION('',(-0.7071073158526321,0,-0.7071062465200586));
#5789=FACE_BOUND('',#5790,.T.);
#5790=EDGE_LOOP('',(#5791,#5792,#5793));
#5791=ORIENTED_EDGE('',*,*,#5794,.T.);
#5792=ORIENTED_EDGE('',*,*,#5795,.T.);
#5793=ORIENTED_EDGE('',*,*,#5796,.T.);
#5794=EDGE_CURVE('',#225,#233,#5797,.F.);
#5795=EDGE_CURVE('',#233,#241,#5798,.T.);
#5796=EDGE_CURVE('',#241,#225,#5799,.T.);
#5797=LINE('',#224,#5800);
#5798=LINE('',#232,#5801);
#5799=LINE('',#240,#5802);
#5800=VECTOR('',#5803,1.0);
#5801=VECTOR('',#5804,1.0);
#5802=VECTOR('',#5805,1.0);
#5803=DIRECTION('',(-0.7071073158526321,0,-0.7071062465200586));
#5804=DIRECTION('',(-0.9238793859346557,0,-0.38268378623218874));
#5805=DIRECTION('',(0.8314697737766472,0,0.5555699913564548));
#5806=FACE_SURFACE('',(#5811),#5807,.T.);
#5807=PLANE('',#5808);
#5808=AXIS2_PLACEMENT_3D('',#240,#5809,#5810);
#5809=DIRECTION('',(0,1,0));
#5810=DIRECTION('',(-1,0,0));
#5811=FACE_BOUND('',#5812,.T.);
#5812=EDGE_LOOP('',(#5813,#5814,#5815));
#5813=ORIENTED_EDGE('',*,*,#5816,.T.);
#5814=ORIENTED_EDGE('',*,*,#5817,.T.);
#5815=ORIENTED_EDGE('',*,*,#5818,.T.);
#5816=EDGE_CURVE('',#241,#249,#5819,.F.);
#5817=EDGE_CURVE('',#249,#257,#5820,.T.);
#5818=EDGE_CURVE('',#257,#241,#5821,.T.);
#5819=LINE('',#240,#5822);
#5820=LINE('',#248,#5823);
#5821=LINE('',#256,#5824);
#5822=VECTOR('',#5825,1.0);
#5823=VECTOR('',#5826,1.0);
#5824=VECTOR('',#5827,1.0);
#5825=DIRECTION('',(-1,0,0));
#5826=DIRECTION('',(-0.9238793859346557,0,0.38268378623218874));
#5827=DIRECTION('',(0.9807852395853753,0,-0.19509052722123088));
#5828=FACE_SURFACE('',(#5833),#5829,.T.);
#5829=PLANE('',#5830);
#5830=AXIS2_PLACEMENT_3D('',#256,#5831,#5832);
#5831=DIRECTION('',(0,1,0));
#5832=DIRECTION('',(-0.7071073158526321,0,0.7071062465200586));
#5833=FACE_BOUND('',#5834,.T.);
#5834=EDGE_LOOP('',(#5835,#5836,#5837));
#5835=ORIENTED_EDGE('',*,*,#5838,.T.);
#5836=ORIENTED_EDGE('',*,*,#5839,.T.);
#5837=ORIENTED_EDGE('',*,*,#5840,.T.);
#5838=EDGE_CURVE('',#257,#265,#5841,.F.);
#5839=EDGE_CURVE('',#265,#273,#5842,.T.);
#5840=EDGE_CURVE('',#273,#257,#5843,.T.);
#5841=LINE('',#256,#5844);
#5842=LINE('',#264,#5845);
#5843=LINE('',#272,#5846);
#5844=VECTOR('',#5847,1.0);
#5845=VECTOR('',#5848,1.0);
#5846=VECTOR('',#5849,1.0);
#5847=DIRECTION('',(-0.7071073158526321,0,0.7071062465200586));
#5848=DIRECTION('',(-0.38268304400076913,0,0.9238796933769599));
#5849=DIRECTION('',(0.5555702247029117,0,-0.8314696178595801));
#5850=FACE_SURFACE('',(#5855),#5851,.T.);
#5851=PLANE('',#5852);
#5852=AXIS2_PLACEMENT_3D('',#272,#5853,#5854);
#5853=DIRECTION('',(0,1,0));
#5854=DIRECTION('',(0,0,1));
#5855=FACE_BOUND('',#5856,.T.);
#5856=EDGE_LOOP('',(#5857,#5858,#5859));
#5857=ORIENTED_EDGE('',*,*,#5860,.T.);
#5858=ORIENTED_EDGE('',*,*,#5861,.T.);
#5859=ORIENTED_EDGE('',*,*,#5862,.T.);
#5860=EDGE_CURVE('',#273,#281,#5863,.F.);
#5861=EDGE_CURVE('',#281,#289,#5864,.T.);
#5862=EDGE_CURVE('',#289,#273,#5865,.T.);
#5863=LINE('',#272,#5866);
#5864=LINE('',#280,#5867);
#5865=LINE('',#288,#5868);
#5866=VECTOR('',#5869,1.0);
#5867=VECTOR('',#5870,1.0);
#5868=VECTOR('',#5871,1.0);
#5869=DIRECTION('',(0,0,1));
#5870=DIRECTION('',(0.38268304400076913,0,0.9238796933769599));
#5871=DIRECTION('',(-0.19509022052531538,0,-0.9807853005910029));
#5872=FACE_SURFACE('',(#5877),#5873,.T.);
#5873=PLANE('',#5874);
#5874=AXIS2_PLACEMENT_3D('',#288,#5875,#5876);
#5875=DIRECTION('',(0,1,0));
#5876=DIRECTION('',(0.7071073158526321,0,0.7071062465200586));
#5877=FACE_BOUND('',#5878,.T.);
#5878=EDGE_LOOP('',(#5879,#5880,#5881));
#5879=ORIENTED_EDGE('',*,*,#5882,.T.);
#5880=ORIENTED_EDGE('',*,*,#5883,.T.);
#5881=ORIENTED_EDGE('',*,*,#5884,.T.);
#5882=EDGE_CURVE('',#289,#297,#5885,.F.);
#5883=EDGE_CURVE('',#297,#305,#5886,.T.);
#5884=EDGE_CURVE('',#305,#289,#5887,.T.);
#5885=LINE('',#288,#5888);
#5886=LINE('',#296,#5889);
#5887=LINE('',#304,#5890);
#5888=VECTOR('',#5891,1.0);
#5889=VECTOR('',#5892,1.0);
#5890=VECTOR('',#5893,1.0);
#5891=DIRECTION('',(0.7071073158526321,0,0.7071062465200586));
#5892=DIRECTION('',(0.9238793859346557,0,0.38268378623218874));
#5893=DIRECTION('',(-0.8314697737766472,0,-0.5555699913564548));
#5894=FACE_SURFACE('',(#5899),#5895,.T.);
#5895=PLANE('',#5896);
#5896=AXIS2_PLACEMENT_3D('',#304,#5897,#5898);
#5897=DIRECTION('',(0,1,0));
#5898=DIRECTION('',(0.9807852395853753,0,-0.19509052722123088));
#5899=FACE_BOUND('',#5900,.T.);
#5900=EDGE_LOOP('',(#5901,#5902,#5903));
#5901=ORIENTED_EDGE('',*,*,#5904,.T.);
#5902=ORIENTED_EDGE('',*,*,#5905,.T.);
#5903=ORIENTED_EDGE('',*,*,#5906,.T.);
#5904=EDGE_CURVE('',#305,#193,#5907,.F.);
#5905=EDGE_CURVE('',#193,#209,#5908,.T.);
#5906=EDGE_CURVE('',#209,#305,#5909,.T.);
#5907=LINE('',#304,#5910);
#5908=LINE('',#192,#5911);
#5909=LINE('',#208,#5912);
#5910=VECTOR('',#5913,1.0);
#5911=VECTOR('',#5914,1.0);
#5912=VECTOR('',#5915,1.0);
#5913=DIRECTION('',(0.9807852395853753,0,-0.19509052722123088));
#5914=DIRECTION('',(0.5555702247029117,0,-0.8314696178595801));
#5915=DIRECTION('',(-0.831469567762866,0,0.5555702996779371));
#5916=FACE_SURFACE('',(#5921),#5917,.T.);
#5917=PLANE('',#5918);
#5918=AXIS2_PLACEMENT_3D('',#208,#5919,#5920);
#5919=DIRECTION('',(0,1,0));
#5920=DIRECTION('',(-0.19509022052531538,0,-0.9807853005910029));
#5921=FACE_BOUND('',#5922,.T.);
#5922=EDGE_LOOP('',(#5923,#5924,#5925));
#5923=ORIENTED_EDGE('',*,*,#5926,.T.);
#5924=ORIENTED_EDGE('',*,*,#5927,.T.);
#5925=ORIENTED_EDGE('',*,*,#5928,.T.);
#5926=EDGE_CURVE('',#209,#225,#5929,.F.);
#5927=EDGE_CURVE('',#225,#241,#5930,.T.);
#5928=EDGE_CURVE('',#241,#209,#5931,.T.);
#5929=LINE('',#208,#5932);
#5930=LINE('',#224,#5933);
#5931=LINE('',#240,#5934);
#5932=VECTOR('',#5935,1.0);
#5933=VECTOR('',#5936,1.0);
#5934=VECTOR('',#5937,1.0);
#5935=DIRECTION('',(-0.19509022052531538,0,-0.9807853005910029));
#5936=DIRECTION('',(-0.8314697737766472,0,-0.5555699913564548));
#5937=DIRECTION('',(0.5555701976292968,0,0.8314696359495903));
#5938=FACE_SURFACE('',(#5943),#5939,.T.);
#5939=PLANE('',#5940);
#5940=AXIS2_PLACEMENT_3D('',#240,#5941,#5942);
#5941=DIRECTION('',(0,1,0));
#5942=DIRECTION('',(-0.9807852395853753,0,0.19509052722123088));
#5943=FACE_BOUND('',#5944,.T.);
#5944=EDGE_LOOP('',(#5945,#5946,#5947));
#5945=ORIENTED_EDGE('',*,*,#5948,.T.);
#5946=ORIENTED_EDGE('',*,*,#5949,.T.);
#5947=ORIENTED_EDGE('',*,*,#5950,.T.);
#5948=EDGE_CURVE('',#241,#257,#5951,.F.);
#5949=EDGE_CURVE('',#257,#273,#5952,.T.);
#5950=EDGE_CURVE('',#273,#241,#5953,.T.);
#5951=LINE('',#240,#5954);
#5952=LINE('',#256,#5955);
#5953=LINE('',#272,#5956);
#5954=VECTOR('',#5957,1.0);
#5955=VECTOR('',#5958,1.0);
#5956=VECTOR('',#5959,1.0);
#5957=DIRECTION('',(-0.9807852395853753,0,0.19509052722123088));
#5958=DIRECTION('',(-0.5555702247029117,0,0.8314696178595801));
#5959=DIRECTION('',(0.831469567762866,0,-0.5555702996779371));
#5960=FACE_SURFACE('',(#5965),#5961,.T.);
#5961=PLANE('',#5962);
#5962=AXIS2_PLACEMENT_3D('',#272,#5963,#5964);
#5963=DIRECTION('',(0,1,0));
#5964=DIRECTION('',(0.19509022052531538,0,0.9807853005910029));
#5965=FACE_BOUND('',#5966,.T.);
#5966=EDGE_LOOP('',(#5967,#5968,#5969));
#5967=ORIENTED_EDGE('',*,*,#5970,.T.);
#5968=ORIENTED_EDGE('',*,*,#5971,.T.);
#5969=ORIENTED_EDGE('',*,*,#5972,.T.);
#5970=EDGE_CURVE('',#273,#289,#5973,.F.);
#5971=EDGE_CURVE('',#289,#305,#5974,.T.);
#5972=EDGE_CURVE('',#305,#273,#5975,.T.);
#5973=LINE('',#272,#5976);
#5974=LINE('',#288,#5977);
#5975=LINE('',#304,#5978);
#5976=VECTOR('',#5979,1.0);
#5977=VECTOR('',#5980,1.0);
#5978=VECTOR('',#5981,1.0);
#5979=DIRECTION('',(0.19509022052531538,0,0.9807853005910029));
#5980=DIRECTION('',(0.8314697737766472,0,0.5555699913564548));
#5981=DIRECTION('',(-0.5555701976292968,0,-0.8314696359495903));
#5982=FACE_SURFACE('',(#5987),#5983,.T.);
#5983=PLANE('',#5984);
#5984=AXIS2_PLACEMENT_3D('',#304,#5985,#5986);
#5985=DIRECTION('',(0,1,0));
#5986=DIRECTION('',(0.831469567762866,0,-0.5555702996779371));
#5987=FACE_BOUND('',#5988,.T.);
#5988=EDGE_LOOP('',(#5989,#5990,#5991));
#5989=ORIENTED_EDGE('',*,*,#5992,.T.);
#5990=ORIENTED_EDGE('',*,*,#5993,.T.);
#5991=ORIENTED_EDGE('',*,*,#5994,.T.);
#5992=EDGE_CURVE('',#305,#209,#5995,.F.);
#5993=EDGE_CURVE('',#209,#241,#5996,.T.);
#5994=EDGE_CURVE('',#241,#305,#5997,.T.);
#5995=LINE('',#304,#5998);
#5996=LINE('',#208,#5999);
#5997=LINE('',#240,#6000);
#5998=VECTOR('',#6001,1.0);
#5999=VECTOR('',#6002,1.0);
#6000=VECTOR('',#6003,1.0);
#6001=DIRECTION('',(0.831469567762866,0,-0.5555702996779371));
#6002=DIRECTION('',(-0.5555701976292968,0,-0.8314696359495903));
#6003=DIRECTION('',(-0.19509030650371428,0,0.9807852834888412));
#6004=FACE_SURFACE('',(#6009),#6005,.T.);
#6005=PLANE('',#6006);
#6006=AXIS2_PLACEMENT_3D('',#240,#6007,#6008);
#6007=DIRECTION('',(0,1,0));
#6008=DIRECTION('',(-0.831469567762866,0,0.5555702996779371));
#6009=FACE_BOUND('',#6010,.T.);
#6010=EDGE_LOOP('',(#6011,#6012,#6013));
#6011=ORIENTED_EDGE('',*,*,#6014,.T.);
#6012=ORIENTED_EDGE('',*,*,#6015,.T.);
#6013=ORIENTED_EDGE('',*,*,#6016,.T.);
#6014=EDGE_CURVE('',#241,#273,#6017,.F.);
#6015=EDGE_CURVE('',#273,#305,#6018,.T.);
#6016=EDGE_CURVE('',#305,#241,#6019,.T.);
#6017=LINE('',#240,#6020);
#6018=LINE('',#272,#6021);
#6019=LINE('',#304,#6022);
#6020=VECTOR('',#6023,1.0);
#6021=VECTOR('',#6024,1.0);
#6022=VECTOR('',#6025,1.0);
#6023=DIRECTION('',(-0.831469567762866,0,0.5555702996779371));
#6024=DIRECTION('',(0.5555701976292968,0,0.8314696359495903));
#6025=DIRECTION('',(0.19509030650371428,0,-0.9807852834888412));
ENDSEC;
END-ISO-10303-21;
